Workbook

Sheet 首页
C4: NGFW V60R001C00 IPv4路由特性测试用例
C15: 拟定 | D15: 赵海波 | F15: 日期 | G15: 44515
C17: 审核 | F17: 日期 | G17: XXXX/XX/XX
C19: 批准 | F19: 日期
E23: 修订记录
C25: 日期 | D25: 修订版本 | E25: 修改记录 | I25: 修改人
C26: 44515 | D26: V1.0 | E26: 初稿输出 | I26: 赵海波

Sheet 测试点分析
A1: 四级目录 | B1: 五级目录 | C1: 测试点 | D1: 测试设计方法 | E1: 适用场景 | F1: 用例规模（个） | G1: 测试数据
A2: 配置管理
B3: 路由配置
A4: 路由维护
B5: 静态路由
C6: 配置静态路由测试 | D6: 等价类划分&数据组合 | F6: 5 | G6: 目的IP地址,掩码长度，权重，优先级，目的IP和下一跳重复
C7: 路由表维护功能测试 | D7: 流程图 | F7: 5 | G7: 出接口IP地址计算静态路由生效和失效,出接口状态计算静态路由生效与失效，默认路由的生效与失效，优先级最高的静态路由生效优先级低的路由不生效，静态路由的出接口为物理口、聚合口、BVI口、L3子接口、Tunnel口,静态路由的下一跳与接口默认网关相同
C8: 容量测试 | D8: 直接分析 | F8: 2 | G8: 最大数量的等价路由,等价路由最大数量的链路数量，最静态路由数量，最大直连路由数量，达到最大数量后的增删测试
C9: HA配置同步 | D9: 直接分析 | F9: 1 | G9: 静态路由配置不同步,主用设备和备用设备都可以配置静态路由
C10: 配置导入导出 | D10: 直接分析 | F10: 3 | G10: 配置导入、导出、配置校验、增量导入
C11: 升级测试 | D11: 直接分析 | F11: 1 | G11: 物理接口、聚合口、L3子接口、BVI接口和Tunnel口的静态路由均能恢复
C12: Oplog测试 | D12: 直接分析 | F12: 1 | G12: 静态路由增加、删除、修改能够记录Oplog，记录的时间、操作者、对象和参数正确
C13: 静态路由性能测试 | D13: 直接分析 | F13: 1 | G13: 配置路由响应时间
C14: 静态路由默认值测试 | D14: 直接分析 | F14: 1 | G14: 优先级和权重
C15: 配置存库测试 | D15: 直接分析 | F15: 1 | G15: 修改配置后快速切换
B16: 直连路由
C17: 直连路由的维护 | D17: 等价类划分&数据组合 | F17: 2 | G17: 物理接口，聚合口、L3子接口、BVI接口、Tunnel口，直连路由根据接口状态计算生效与失效，直连路由的开销
C18: 升级测试 | D18: 直接分析 | F18: 1 | G18: 升级后所有接口能生成直连路由
C19: 容量测试 | D19: 直接分析 | F19: 2 | G19: 最大数量的直连路由，达到最大数量后的增删测试
C20: 反复操作 | D20: 直接分析 | F20: 1 | G20: 反复修改接口IP地址
A21: 业务转发
B22: 路由转发
C23: 路由转发 | D23: 等价类划分&数据组合 | F23: 5 | G23: 出接口为物理接口，聚合口、L3子接口、BVI接口、Tunnel口，静态路由（主机路由，网段路由）、直连路由、默认路由转发、DMAC与接口IP地址相同,DMAC与接口IP地址不同，掩码长度最长匹配，路由转发不匹配优先级
C24: 异常报文检测 | D24: 直接分析 | F24: 2 | G24: SIP为ABC类地址中的广播地址，SIP为D类，SIP为E类，SIP为全F，SIP为127段，SIP为全0
C25: 带VLAN的报文路由转发 | D25: 直接分析 | F25: 1 | G25: 不带VLAN，带VLAN，带两层VLAN
C26: 路由转发时修改配置 | D26: 直接分析 | F26: 2 | G26: 路由增删改查,修改接口IP
C27: 浮动路由测试 | D27: 直接分析 | F27: 3 | G27: 高低优先级路由之间切换、静态路由和直连路由间切换、静态路由和默认路由之间的切换
C28: 路由转发的可靠性 | D28: 直接分析 | F28: 8 | G28: 接口UP、DOWN、掉电。命令复位，反复增删路由，反复修改下一跳，反复启用停用，反复设备掉电，反复设备命令复位
C29: 路由转发业务互不影响 | D29: 直接分析 | F29: 1 | G29: IPv6业务
C30: ARP可靠性测试 | D30: 直接分析 | F30: 3 | G30: ARP不存在到存在，ARP存在到不存在，大量的ARP miss
C31: 高可用场景的路由转发 | D31: 直接分析 | F31: 1 | G31: HA主备切换和回切后路由转发正常
C32: 升级测试 | D32: 直接分析 | F32: 1 | G32: 升级后业务正常
B33: 单臂路由
C34: 不同接口单臂路由转发 | D34: 直接分析 | F34: 3 | G34: 聚合口与L3子接口、物理接口与L3子接口，L3子接口与L3子接口
C35: 相同接口的单臂路由转发 | D35: 直接分析 | F35: 5 | G35: 物理接口、聚合口、L3子接口、BVI接口、Tunnel口
C36: 单臂路由可靠性 | D36: 直接分析 | F36: 1 | G36: 单臂路由转发时增删静态路由
B37: 等价路由
C38: 等价路由维护 | D38: 等价类划分&数据组合 | F38: 5 | G38: 静态路由形成等价路由，默认路由形成等价路由，高优先级路由生效时等价路由失效，高优先级路由失效时等价路由生效，默认路由接口类型（物理接口、聚合口、L3子接口、BVI接口、Tunnel口）
C39: 等价路由业务分担测试 | D39: 等价类划分&数据组合 | F39: 3 | G39: 分担算法测试，修改权重
C40: 等价路由链路切换 | D40: 直接分析 | F40: 4 | G40: 业务切换，新增链路可以分担业务，新增链路老业务不受影响，减少链路，删除非业务转发链路业务不受影响
C41: 业务切换 | D41: 等价类划分&数据组合 | F41: 3 | G41: 等价路由和静态路由切换，修改优先级
C42: 等价路由可靠性 | D42: 直接分析 | F42: 4 | G42: 反复链路振荡10次以上,反复修改链路权重10次以上，反复进行设备掉电10次，反复进行设备命令复位10次以上，
C43: 等价路由性能测试 | D43: 直接分析 | F43: 1 | G43: 等价路由链路切换时间

Sheet 测试组网设计
A1: 名称 | B1: NE1_link0
A2: 组网图
A23: 名称 | B23: NE1_ins
A24: 组网图
A45: 名称 | B45: NE1_link4_ins
A46: 组网图
A67: 名称 | B67: NE4_link5_ins
A68: 组网图

Sheet 路由配置
A1: 测试点汇总 | B1: 测试点 | C1: 测试设计方法 | D1: 适用场景 | E1: 用例规模（个） | F1: 测试数据
B2: 新增静态路由测试 | C2: 等价类划分&数据组合 | E2: 8 | F2: 目的IP地址,掩码长度，权重，优先级，目的IP和下一跳重复
B3: 静态路由唯一性测试 | C3: 直接分析 | E3: 1 | F3: 目的网段和下一跳相同
B4: 修改静态路由测试 | C4: 等价类划分&数据组合 | F4: 目的IP，掩码长度，权重，优先级，路由ID不存在
B5: 删除静态路由测试 | C5: 直接分析 | F5: 单条删除，批量删除，路由ID不存在
B6: 容量测试 | C6: 直接分析 | E6: 2 | F6: 最大数量的等价路由,等价路由最大数量的链路数量，最静态路由数量，最大直连路由数量，达到最大数量后的增删测试
B7: Oplog测试 | C7: 直接分析 | E7: 1 | F7: 静态路由增加、删除、修改能够记录Oplog，记录的时间、操作者、对象和参数正确
A8: 添加静态路由测试 | B8: 【设计方法】等价类划分&数据组合
B9: 步骤1:等价类划分
B10: 等价类划分 | C10: 测试数据 | D10: 有效类 | E10: 无效类 | F10: 选取策略 | G10: 选取结果
C11: 目的网络 | D11: 0.0.0.0/0 | E11: 224.0.0.0/[3-32] | F11: 数据名称和分类独立 | G11: 数据名称=目的网络;有效值=0.0.0.0/0,223.255.255.255/32,[1-126].[0-255].[0-255].[0-255]/[1-31],[128-223).[0-255].[0-255].[0-255]/[1-31],[224-255].[0-255].[0-255].[0-255]/[1-2],127.[0-255].[0-255].[0-255]/[1-7];无效值=224.0.0.0/[3-32],127.[0-255].[0-255].[0-255]/[8-32],空,超长字符串,3段点分十进制,5段点分十进制,点分号错误,掩码分隔符错误,16进制IP
D12: 223.255.255.255/32 | E12: 127.[0-255].[0-255].[0-255]/[8-32]
D13: [1-126].[0-255].[0-255].[0-255]/[1-31] | E13: 空
D14: [128-223).[0-255].[0-255].[0-255]/[1-31] | E14: 超长字符串
D15: [224-255].[0-255].[0-255].[0-255]/[1-2] | E15: 3段点分十进制
D16: 127.[0-255].[0-255].[0-255]/[1-7] | E16: 5段点分十进制
E17: 点分号错误
E18: 掩码分隔符错误
E19: 16进制IP
C20: 出接口 | D20: 暂时不分析 | F20: 数据名称和分类独立 | G20: 数据名称=出接口;有效值=暂时不分析
C21: 下一跳 | D21: 1.0.0.0 | E21: 0.[0-255].[0-255].[0-255] | F21: 数据名称和分类独立 | G21: 数据名称=下一跳;有效值=1.0.0.0,223.255.255.255,(1-126].[0-255].[0-255].[0-255],[128-223].[0-255].[0-255].[0-255];无效值=0.[0-255].[0-255].[0-255],224.[0-255].[0-255].[0-255],空,超长字符串,3段点分十进制,5段点分十进制,点分号非".",127.[0-255].[0-255].[0-255],任意接口的IP
D22: 223.255.255.255 | E22: 224.[0-255].[0-255].[0-255]
D23: (1-126].[0-255].[0-255].[0-255] | E23: 空
D24: [128-223].[0-255].[0-255].[0-255] | E24: 超长字符串
E25: 3段点分十进制
E26: 5段点分十进制
E27: 点分号非"."
E28: 127.[0-255].[0-255].[0-255]
E29: 任意接口的IP
C30: 权重 | D30: 1 | E30: 0 | F30: 数据名称和分类独立 | G30: 数据名称=权重;有效值=1.0,(0-255)间任意值,255.0,空;无效值=0.0,256.0,字符串,超长字符串
D31: (0-255)间任意值 | E31: 256
D32: 255 | E32: 字符串
D33: 空 | E33: 超长字符串
C34: 优先级 | D34: 1 | E34: 0 | F34: 数据名称和分类独立 | G34: 数据名称=优先级;有效值=1.0,(1-255)间任意值,255.0,空;无效值=0.0,256.0,字符串,超长字符串
D35: (1-255)间任意值 | E35: 256
D36: 255 | E36: 字符串
D37: 空 | E37: 超长字符串
B38: 步骤2:数据组合
B39: 数据组合 | C39: 测试数据 | D39: 数据取值 | E39: 组合数据分析 | F39: 约束条件和组合策略 | G39: 组合结果
C40: 所有数据不组合
B41: 步骤3:逻辑用例设计
B42: 逻辑用例编号 | C42: 测试用例描述 | F42: 覆盖的测试数据 | G42: 测试数据选取结果
B43: ipv4.static.route.add | C43: 验证添加静态路由时配置${测试对象}有效值和无效值测试 | F43: 目的网络、下一跳、权重、优先级 | G43: 数据名称=目的网络;有效值=0.0.0.0/0,223.255.255.255/32,[1-126].[0-255].[0-255].[0-255]/[1-31],[128-223).[0-255].[0-255].[0-255]/[1-31],[224-255].[0-255].[0-255].[0-255]/[1-2],127.[0-255].[0-255].[0-255]/[1-7];无效值=224.0.0.0/[3-32],127.[0-255].[0-255].[0-255]/[8-32],空,超长字符串,3段点分十进制,5段点分十进制,点分号错误,掩码分隔符错误,16进制IP 数据名称=下一跳;有效值=1.0.0.0,223.255.255.255,(1-126].[0-255].[0-255].[0-255],[128-223].[0-255].[0-255].[0-255];无效值=0.[0-255].[0-255].[0-255],224.[0-255].[0-255].[0-255],空,超长字符串,3段点分十进制,5段点分十进制,点分号非".",127.[0-255].[0-255].[0-255],任意接口的IP 数据名称=权重;有效值=1.0,(0-255)间任意值,255.0,空;无效值=0.0,256.0,字符串,超长字符串 数据名称=优先级;有效值=1.0,(1-255)间任意值,255.0,空;无效值=0.0,256.0,字符串,超长字符串
B44: 步骤4:物理用例设计
B45: 逻辑用例编号 | C45: 用例标题 | D45: 测试数据 | E45: 预置条件 | F45: 测试步骤 | G45: 预期结果
B46: ipv4.static.route.add | C46: 验证添加静态路由时配置${数据名称}有效值和无效值测试 | D46: 数据名称=目的网络;有效值=0.0.0.0/0,223.255.255.255/32,[1-126].[0-255].[0-255].[0-255]/[1-31],[128-223).[0-255].[0-255].[0-255]/[1-31],[224-255].[0-255].[0-255].[0-255]/[1-2],127.[0-255].[0-255].[0-255]/[1-7];无效值=224.0.0.0/[3-32],127.[0-255].[0-255].[0-255]/[8-32],空,超长字符串,3段点分十进制,5段点分十进制,点分号错误,掩码分隔符错误,16进制IP 数据名称=下一跳;有效值=1.0.0.0,223.255.255.255,(1-126].[0-255].[0-255].[0-255],[128-223].[0-255].[0-255].[0-255];无效值=0.[0-255].[0-255].[0-255],224.[0-255].[0-255].[0-255],空,超长字符串,3段点分十进制,5段点分十进制,点分号非".",127.[0-255].[0-255].[0-255],任意接口的IP 数据名称=权重;有效值=1.0,(0-255)间任意值,255.0,空;无效值=0.0,256.0,字符串,超长字符串 数据名称=优先级;有效值=1.0,(1-255)间任意值,255.0,空;无效值=0.0,256.0,字符串,超长字符串 | E46: 网元正常启动 | F46: 1、使用/api/v1/route接口添加静态路由时，配置${数据名称}为$[有效值]，其他参数为任意有效值,查询静态路由【check1】 2、添加静态路由时，配置${数据名称}为$[无效值]，其他参数为任意有效值,查询静态路由【check2】 | G46: 【check1】配置成功，使用restful查询静态路由与下发的配置相同。使用etcd查询/vnf-agent/vpp1/config/linux/l3/v2/routes/<dip>/<掩码>/preference/<优先级>，查询的值与配置的值相同 【check2】配置失败，网元无异常。使用etcd查询/vnf-agent/vpp1/config/linux/l3/v2/routes/<dip>/<掩码>/preference/<优先级>，查询添加失败的路由不存在
A47: 静态路由唯一性测试 | B47: 【设计方法】直接设计法
B48: 步骤1:逻辑用例设计
B49: 逻辑用例编号 | C49: 测试用例描述 | F49: 覆盖的测试数据 | G49: 测试数据选取结果
B50: ipv4.static.route.cfg.unique | C50: 静态路由唯一性测试
B51: 步骤2:物理用例设计
B52: 逻辑用例编号 | C52: 用例标题 | D52: 测试数据 | E52: 预置条件 | F52: 测试步骤 | G52: 预期结果
B53: ipv4.static.route.add.unique | C53: 验证添加静态路由唯一性测试 | D53: 操作=添加 | E53: 网元正常启动 | F53: 1、${操作}静态路由，目的网络地址掩码长度相同，下一跳不相同【check1】 2、${操作}静态路由，目的网络地址掩码长度相同，下一跳相同【check2】 3、${操作}静态路由，目的网络地址相同，掩码长度不相同，下一跳相同【check1】 | G53: 【check1】配置成功，使用restful查询静态路由与下发的配置相同。使用etcd查询/vnf-agent/vpp1/config/linux/l3/v2/routes/<dip>/<掩码>/preference/<优先级>，查询的值与配置的值相同 【check2】配置失败。使用etcd查询/vnf-agent/vpp1/config/linux/l3/v2/routes/<dip>/<掩码>/preference/<优先级>，查询添加失败的路由不存在
A54: 修改静态路由测试 | B54: 【设计方法】等价类划分&数据组合
B55: 步骤1:等价类划分
B56: 等价类划分 | C56: 测试数据 | D56: 有效类 | E56: 无效类 | F56: 选取策略 | G56: 选取结果
C57: 修改字段 | D57: 目的IP | E57: 不存在的路由ID | F57: 数据名称和分类独立 | G57: 数据名称=非法修改字段;有效值=目的IP,掩码长度;无效值=不存在的路由ID
D58: 掩码长度
C59: 出接口 | D59: 暂时不分析
C60: 下一跳 | D60: 1.0.0.0 | E60: 0.[0-255].[0-255].[0-255] | F60: 数据名称和分类独立 | G60: 数据名称=下一跳;有效值=1.0.0.0,223.255.255.255,(1-126].[0-255].[0-255].[0-255],[128-223].[0-255].[0-255].[0-255];无效值=0.[0-255].[0-255].[0-255],224.[0-255].[0-255].[0-255],空,超长字符串,3段点分十进制,5段点分十进制,点分号非".",127.[0-255].[0-255].[0-255],任意接口的IP
D61: 223.255.255.255 | E61: 224.[0-255].[0-255].[0-255]
D62: (1-126].[0-255].[0-255].[0-255] | E62: 空
D63: [128-223].[0-255].[0-255].[0-255] | E63: 超长字符串
E64: 3段点分十进制
E65: 5段点分十进制
E66: 点分号非"."
E67: 127.[0-255].[0-255].[0-255]
E68: 任意接口的IP
C69: 权重 | D69: 1 | E69: 0 | F69: 数据名称和分类独立 | G69: 数据名称=权重;有效值=1.0,(0-255)间任意值,255.0,空;无效值=0.0,256.0,字符串,超长字符串
D70: (0-255)间任意值 | E70: 256
D71: 255 | E71: 字符串
D72: 空 | E72: 超长字符串
C73: 优先级 | D73: 1 | E73: 0 | F73: 数据名称和分类独立 | G73: 数据名称=优先级;有效值=1.0,(1-255)间任意值,255.0,空;无效值=0.0,256.0,字符串,超长字符串
D74: (1-255)间任意值 | E74: 256
D75: 255 | E75: 字符串
D76: 空 | E76: 超长字符串
B77: 步骤2:数据组合
B78: 数据组合 | C78: 测试数据 | D78: 数据取值 | E78: 组合数据分析 | F78: 约束条件和组合策略 | G78: 组合结果
C79: 所有数据不组合
B80: 步骤3:逻辑用例设计
B81: 逻辑用例编号 | C81: 测试用例描述 | F81: 覆盖的测试数据 | G81: 测试数据选取结果
B82: ipv4.static.route.modify | C82: 验证修改静态路由时配置${数据名称}有效值和无效值测试 | F82: 下一跳、权重、优先级 | G82: 数据名称=下一跳;有效值=1.0.0.0,223.255.255.255,(1-126].[0-255].[0-255].[0-255],[128-223].[0-255].[0-255].[0-255];无效值=0.[0-255].[0-255].[0-255],224.[0-255].[0-255].[0-255],空,超长字符串,3段点分十进制,5段点分十进制,点分号非".",127.[0-255].[0-255].[0-255],任意接口的IP 数据名称=权重;有效值=1.0,(0-255)间任意值,255.0,空;无效值=0.0,256.0,字符串,超长字符串 数据名称=优先级;有效值=1.0,(1-255)间任意值,255.0,空;无效值=0.0,256.0,字符串,超长字符串
B83: ipv4.static.route.invalid.modify | C83: 验证修改静态路由不支持修改的字段测试 | F83: 非法修改字段 | G83: 数据名称=非法修改字段;有效值=目的IP,掩码长度;无效值=不存在的路由ID
B84: 步骤4:物理用例设计
B85: 逻辑用例编号 | C85: 用例标题 | D85: 测试数据 | E85: 预置条件 | F85: 测试步骤 | G85: 预期结果
B86: ipv4.static.route.modify | C86: 验证修改静态路由时配置${数据名称}有效值和无效值测试 | D86: 数据名称=下一跳;有效值=1.0.0.0,223.255.255.255,(1-126].[0-255].[0-255].[0-255],[128-223].[0-255].[0-255].[0-255];无效值=0.[0-255].[0-255].[0-255],224.[0-255].[0-255].[0-255],空,超长字符串,3段点分十进制,5段点分十进制,点分号非".",127.[0-255].[0-255].[0-255],任意接口的IP 数据名称=权重;有效值=1.0,(0-255)间任意值,255.0,空;无效值=0.0,256.0,字符串,超长字符串 数据名称=优先级;有效值=1.0,(1-255)间任意值,255.0,空;无效值=0.0,256.0,字符串,超长字符串 | E86: 网元正常启动 | F86: 1、添加一条静态路由，并获取路由ID 2、使用/api/v1/route修改该静态路由时，配置${数据名称}为$[有效值],其他参数为任意有效值查询静态路由【check1】 3、修改该静态路由时，配置${数据名称}为$[无效值],其他参数为任意有效值查询静态路由【check2】 | G86: 【check1】配置成功，使用restful查询静态路由与下发的配置相同。使用etcd查询/vnf-agent/vpp1/config/linux/l3/v2/routes/<dip>/<掩码>/preference/<优先级>，查询的值与配置的值相同 【check2】配置失败，网元无异常。使用etcd查询/vnf-agent/vpp1/config/linux/l3/v2/routes/<dip>/<掩码>/preference/<优先级>，查询添加失败的路由不存在
B87: ipv4.static.route.invalid.modify | C87: 验证修改静态路由不支持修改的字段测试 | D87: 数据名称=非法修改字段;有效值=目的IP,掩码长度;无效值=不存在的路由ID | E87: 网元正常启动 | F87: 1、添加一条静态路由，并获取路由ID 2、使用/api/v1/route修改该静态路由的$[有效值]，观察路由【check1】 3、使用/api/v1/route修改路由时使用$[无效值]【check2】 | G87: 【check1】配置失败，提示信息正确，使用restful查询静态路由与下发的配置相同。使用etcd查询/vnf-agent/vpp1/config/linux/l3/v2/routes/<dip>/<掩码>/preference/<优先级>，查询的值与配置的值相同 【check2】配置失败，提示信息正确。
A88: 路由批量删除和查询测试 | B88: 【设计方法】直接设计法
B89: 步骤1:逻辑用例设计
B90: 逻辑用例编号 | C90: 测试用例描述 | F90: 覆盖的测试数据 | G90: 测试数据选取结果
B91: ipv4.static.route.cfg.batch | C91: 验证静态路由批量查询和增删 | G91: 操作=查询,删除
B92: 步骤2:物理用例设计
B93: 逻辑用例编号 | C93: 用例标题 | D93: 测试数据 | E93: 预置条件 | F93: 测试步骤 | G93: 预期结果
B94: ipv4.static.route.query.page | C94: 验证查询静态路由分页查询功能 | D94: 操作=查询 | E94: 网元正常启动 | F94: 1、选取任意有效的分页size为s，网元中不存在任何静态路由时使用接口/api/v1/route?page=1&size=<s>&is_ip6=false查询静态路由。【check1】 2、配置1条静态路由后使用restful查询接口查询静态路由。【check2】 3、添加至少2倍s条静态路由，使用查询接口查询第一页（page=1）静态路由。【check3】 4、使用静态路由查询接口查询最后一页静态路由。【check4】 5、使用静态路由查询接口查询中间任意页静态路由。【check3】 | G94: 【check1】返回值为空 【check2】查询结果与配置的值相同 【check3】返回s条静态路由，路由信息正确 【check4】返回路由条数为配置的路由条数除以s所得的余数，路由信息正确
B95: ipv4.static.route.query.size | C95: 验证查询静态路由分页大小典型值测试 | D95: 操作=查询 | E95: 网元正常启动 | F95: 1、配置大于40条静态路由 2、使用静态路由典型分页值10查询静态路由1到4页任意值的静态路由/api/v1/route?page=[1-4]&size=10&is_ip6=false查询静态路由。【check1】 3、使用静态路由典型分页值20查询静态路由1到2页任意值的静态路由。【check2】 4、使用静态路由典型分页值30查询静态路由1页任意值的静态路由。【check2】 5、使用静态路由典型分页值40查询静态路由1页任意值的静态路由。【check2】 | G95: 【check1】返回路由的条数与分页size相同，且信息正确 【check2】返回所有的路由，且信息正确
B96: ipv4.static.route.query.abnormal | C96: 验证查询静态路由页数和分页大小异常值 | D96: 操作=查询 | E96: 网元正常启动 | F96: 1、配置任意条数的静态路由 2、使用静态路由查询接口查询0页分页大小为0的静态路由。/api/v1/route?page=0&size=0&is_ip6=false.【check1】 3、查询静态路由page为最大值，size为最大值的。【check2】 4、查询静态路由page大于最大值【check2】 5、查询静态路由size大于最大值【check2】 6、查询静态路由page和size均为异常字符串【check2】 | G96: 【check1】返回所有的路由，且信息正确 【check2】返回当前路由条数，条数正确 【check3】返回第一页的静态路由信息
B97: ipv4.static.route.delete | C97: 验证静态路由删除和批量删除功能 | D97: 操作=删除 | E97: 网元正常启动 | F97: 1、配置大于40条静态路由 2、使用静态路由典型分页值10查询静态路由1到4页任意值的静态路由/api/v1/route?page=[1-4]&size=10&is_ip6=false查询静态路由。【check1】 3、使用静态路由典型分页值20查询静态路由1到2页任意值的+F96静态路由。【check2】 4、使用静态路由典型分页值30查询静态路由1页任意值的静态路由。【check2】 5、使用静态路由典型分页值40查询静态路由1页任意值的静态路由。【check2】 | G97: 【check1】删除成功，静态路由配置表中配置被删除。 【check2】使用restful查询路由，对应的路由不存在 【check3】使用etcd查询路由，路由被删除 【check4】删除失败，提示信息正确。查询静态路由表与删除前完全一致（无路由备误删）。 【check5】返回删除失败，其中有效的ID被删除。查看静态路由配置中不包含在有效ID中的路由不会被删除
A98: 容量测试 | B98: 【设计方法】直接设计法
B99: 步骤1:逻辑用例设计
B100: 逻辑用例编号 | C100: 测试用例描述 | F100: 覆盖的测试数据 | G100: 测试数据选取结果
...

Sheet 静态路由
A1: 测试点汇总 | B1: 测试点 | C1: 测试设计方法 | D1: 适用场景 | E1: 用例规模（个） | F1: 测试数据
B2: 配置静态路由测试 | C2: 等价类划分&数据组合 | E2: 8 | F2: 目的IP地址,掩码长度，权重，优先级，目的IP和下一跳重复
B3: 静态路由唯一性测试 | C3: 直接分析 | E3: 1 | F3: 目的网段和下一跳相同
B4: 路由批量删除和查询测试 | C4: 直接分析 | E4: 2 | F4: 查询和删除路由测试
B5: 路由转发表添加条件测试 | C5: 流程图 | E5: 8 | F5: 出接口IP地址计算静态路由生效和失效,出接口状态计算静态路由生效与失效，默认路由的生效与失效，优先级最高的静态路由生效优先级低的路由不生效，静态路由的出接口为物理口、聚合口、BVI口、L3子接口、Tunnel口,静态路由的下一跳与接口默认网关相同
B6: 路由转发表删除条件测试 | C6: 直接分析 | E6: 3 | F6: 修改接口IP,修改下一跳,接口状态变为Down
B7: 路由转发表中的路由切换接口测试 | C7: 直接分析 | E7: 2 | F7: 修改接口IP,修改下一跳,出接口状态变为Down
B8: 路由转发表维护优先级功能验证 | C8: 直接分析 | E8: 2 | F8: 优先级相同,优先级不同
B9: 容量测试 | C9: 直接分析 | E9: 2 | F9: 最大数量的等价路由,等价路由最大数量的链路数量，最静态路由数量，最大直连路由数量，达到最大数量后的增删测试
B10: HA配置同步 | C10: 直接分析 | E10: 1 | F10: 静态路由配置不同步,主用设备和备用设备都可以配置静态路由
B11: 配置导入导出 | C11: 直接分析 | E11: 3 | F11: 配置导入、导出、配置校验、增量导入
B12: 升级测试 | C12: 直接分析 | E12: 1 | F12: 物理接口、聚合口、L3子接口、BVI接口和Tunnel口的静态路由均能恢复
B13: Oplog测试 | C13: 直接分析 | E13: 1 | F13: 静态路由增加、删除、修改能够记录Oplog，记录的时间、操作者、对象和参数正确
... B16: 配置存库测试 | C16: 直接分析 | E16: 1 | F16: 修改配置后快速切换
A17: 路由转发表添加条件测试 | B17: 【设计方法】流程图法
B18: 步骤1:流程图
B20: 步骤2:测试路径分析
B21: 路径编号 | C21: 路径覆盖 | E21: 路径描述
B22: path1 | C22: P1-P2-P4 | E22: 配置静态路由-下一跳直接匹配接口-接口状态UP-生成路由转发表
B23: path2 | C23: P1-P3-P4 | E23: 配置静态路由-下一跳不匹配接口-接口配置IP后静态路由匹配接口-接口状态UP-生成路由转发表
B24: path3 | C24: P1-P2-P5 | E24: 配置静态路由-下一跳直接匹配接口-无路由-接口状态UP-生成路由转发表
B25: path4 | C25: P1-P5-P5 | E25: 配置静态路由-下一跳不匹配接口-接口配置IP后静态路由匹配接口-接口为UP-无路由转发表-接口状态UP后生成路由转发表
B26: 步骤3:等价类划分
B27: 等价类划分 | C27: 测试数据 | D27: 有效类 | E27: 无效类
C28: 接口类型 | D28: 物理接口 | F28: 划分方法：无 选取策略：全选 选取结果：接口类型=物理接口,聚合接口口,L3子接口,BVI接口
D29: 聚合接口口
D30: L3子接口
D31: BVI接口
D32: #Tunnel口
C33: 目的网段 | D33: 0.0.0.0/0 | F33: 划分方法：无 选取策略：全选 选取结果：目的网段=0.0.0.0/0,223.255.255.255/32,[1-126].[0-255].[0-255].[0-255]/[1-31],[128-223).[0-255].[0-255].[0-255]/[1-31]
D34: 223.255.255.255/32
D35: [1-126].[0-255].[0-255].[0-255]/[1-31]
D36: [128-223).[0-255].[0-255].[0-255]/[1-31]
C37: 下一跳 | D37: 1.0.0.0 | F37: 划分方法：无 选取策略：全选 选取结果：下一跳=1.0.0.0,223.255.255.255,(1-126].[0-255].[0-255].[0-255],[128-223].[0-255].[0-255].[0-255]
D38: 223.255.255.255
D39: (1-126].[0-255].[0-255].[0-255]
D40: [128-223].[0-255].[0-255].[0-255]
C41: 权重 | D41: 0 | F41: 划分方法：无 选取策略：全选 选取结果：权重=0,(0-255)间任意值,255,空
D42: (0-255)间任意值
D43: 255
D44: 空
C45: 优先级 | D45: 1 | F45: 划分方法：无 选取策略：全选 选取结果：优先级=1,(1-255)间任意值,255,空
D46: (1-255)间任意值
D47: 255
D48: 空
B49: 步骤4:数据组合
B50: 数据组合 | C50: 测试组合 | D50: 接口类型 | E50: 测试路径 | F50: 约束条件和组合策略 | G50: 组合结果
C51: 接口类型&测试路径 | D51: 物理接口 | E51: path1 | F51: 约束条件：无 组合策略：path1加path2覆盖所有接口类型,path3加path4覆盖所有接口类型
D52: 聚合接口口 | E52: path2
D53: L3子接口 | E53: path3
D54: BVI接口 | E54: path4
C55: 目的网段 | D55: 目的网段=0.0.0.0/0,223.255.255.255/32,[1-126].[0-255].[0-255].[0-255]/[1-31],[128-223).[0-255].[0-255].[0-255]/[1-31] | F55: 约束条件：无 组合策略：在所有用例中出现一次即可
C56: 权重 | D56: 权重=0,(0-255)间任意值,255,空 | F56: 约束条件：无 组合策略：在所有用例中出现一次即可
C57: 优先级 | D57: 优先级=1,(1-255)间任意值,255,空 | F57: 约束条件：无 组合策略：在所有用例中出现一次即可
B58: 步骤3:逻辑用例设计
B59: 逻辑用例编号 | C59: 测试用例描述 | F59: 覆盖的测试数据 | G59: 测试数据选取结果
B60: ipv4.static.fib.add.p1 | C60: 添加静态路由时下一跳匹配出接口状态为UP时直接生成路由转发表 | F60: 接口类型&目的网段&权重&优先级 | G60: 接口类型=物理接口;目的网段=0.0.0.0/0;权重=0;优先级=1;下一跳=1.0.0.0 接口类型=BVI接口;目的网段=,[1-126].[0-255].[0-255].[0-255]/[1-31];权重=255;优先级=255;下一跳=223.255.255.255
B61: ipv4.static.fib.add.p2 | C61: 添加静态路由时修改接口IP后下一跳匹配出接口状态为UP时生成路由转发表 | F61: 接口类型&目的网段&权重&优先级 | G61: 接口类型=聚合接口;目的网段=223.255.255.255/32;权重=(0-255)间任意值;优先级=(1-255)间任意值;下一跳=(1-126].[0-255].[0-255].[0-255] 接口类型=L3子接口;目的网段=[128-223).[0-255].[0-255].[0-255]/[1-31];权重=空;优先级=空;;下一跳=[128-223].[0-255].[0-255].[0-255]
B62: ipv4.static.fib.add.p3 | C62: 添加静态路由时下一跳匹配出接口状态由Down到UP后生成路由转发表 | F62: 接口类型&目的网段&权重&优先级 | G62: 接口类型=物理接口;目的网段=0.0.0.0/0;权重=0;优先级=1;下一跳=1.0.0.0 接口类型=聚合接口;目的网段=,[1-126].[0-255].[0-255].[0-255]/[1-31];权重=255;优先级=255;下一跳=223.255.255.255
B63: ipv4.static.fib.add.p4 | C63: 添加静态路由时修改接口IP后下一跳匹配出接口状态由Down到UP后生成路由转发表 | F63: 接口类型&目的网段&权重&优先级 | G63: 接口类型=BVI接口;目的网段=223.255.255.255/32;权重=(0-255)间任意值;优先级=(1-255)间任意值;下一跳=(1-126].[0-255].[0-255].[0-255] 接口类型=L3子接口;目的网段=[128-223).[0-255].[0-255].[0-255]/[1-31];权重=空;优先级=空;;下一跳=[128-223].[0-255].[0-255].[0-255]
B64: 步骤4:物理用例设计
B65: 逻辑用例编号 | C65: 用例标题 | D65: 测试数据 | E65: 预置条件 | F65: 测试步骤 | G65: 预期结果
B66: ipv4.static.fib.add.p1 | C66: 添加静态路由匹配${接口类型}状态为UP时直接生成路由转发表 | D66: 接口类型=物理接口;目的网段=0.0.0.0/0;权重=0;优先级=1;下一跳=1.0.0.0 接口类型=BVI接口;目的网段=,[1-126].[0-255].[0-255].[0-255]/[1-31];权重=255;优先级=255;下一跳=223.255.255.255 | E66: 网元正常启动 | F66: 1、配置${接口类型}的IP地址与下一跳同网段，该接口的状态为UP 2、添加静态路由，目的网段为${目的网段}，权重为${权重}，优先级为${优先级}，下一跳为与${下一跳}【check1】 3、查看路由转发表【check2】 | G66: 【check1】配置成功 【check2】路由转发表生成该路由
B67: ipv4.static.fib.add.p2 | C67: 添加静态路由再修改状态为UP的${接口类型}IP匹配静态路由后生成路由转发表 | D67: 接口类型=聚合接口;目的网段=223.255.255.255/32;权重=(0-255)间任意值;优先级=(1-255)间任意值;下一跳=(1-126].[0-255].[0-255].[0-255] 接口类型=L3子接口;目的网段=[128-223).[0-255].[0-255].[0-255]/[1-31];权重=空;优先级=空;下一跳=[128-223].[0-255].[0-255].[0-255] | E67: 网元正常启动 | F67: 1、添加静态路由，目的网段为${目的网段}，权重为${权重}，优先级为${优先级}，下一跳为与${下一跳}【check1】 2、配置状态为UP的${接口类型}的IP地址与静态路由下一跳在相同网段【check1】 3、查看路由转发表【check2】 | G67: 【check1】配置成功 【check2】路由转发表生成该路由
B68: ipv4.static.fib.add.p3 | C68: 添加静态路由匹配${接口类型}状态由Down到UP后生成路由转发表 | D68: 接口类型=物理接口;目的网段=0.0.0.0/0;权重=0;优先级=1;下一跳=1.0.0.0 接口类型=聚合接口;目的网段=,[1-126].[0-255].[0-255].[0-255]/[1-31];权重=255;优先级=255;下一跳=223.255.255.255 | E68: 网元正常启动 | F68: 1、配置${接口类型}的IP地址与下一跳同网段，该接口的状态为Down 2、添加静态路由，目的网段为${目的网段}，权重为${权重}，优先级为${优先级}，下一跳为与${下一跳}【check1】 3、查看路由转发表【check2】 4、构造接口状态为UP，查看路由转发表【check3】 | G68: 【check1】配置成功 【check2】路由转发表中不生成该路由 【check3】路由转发表生成该路由
B69: ipv4.static.fib.add.p4 | C69: 添加静态路由再修改${接口类型}IP匹配静态路由后状态由Down到UP后生成转发表 | D69: 接口类型=BVI接口;目的网段=223.255.255.255/32;权重=(0-255)间任意值;优先级=(1-255)间任意值;下一跳=(1-126].[0-255].[0-255].[0-255] 接口类型=L3子接口;目的网段=[128-223).[0-255].[0-255].[0-255]/[1-31];权重=空;优先级=空;下一跳=[128-223].[0-255].[0-255].[0-255] | E69: 网元正常启动 | F69: 1、添加静态路由，目的网段为${目的网段}，权重为${权重}，优先级为${优先级}，下一跳为与${下一跳}【check1】 2、配置状态为Down的${接口类型}的IP地址与静态路由下一跳在相同网段【check1】 3、查看路由转发表【check2】 4、构造接口状态为UP，查看路由转发表【check3】 | G69: 【check1】配置成功 【check2】路由转发表中不生成该路由 【check3】路由转发表生成该路由
A70: 路由转发表删除条件测试 | B70: 【设计方法】直接设计法
B71: 步骤1:逻辑用例设计
B72: 逻辑用例编号 | C72: 测试用例描述 | F72: 覆盖的测试数据 | G72: 测试数据选取结果
B73: ipv4.static.fib.delete | C73: 验证路由表失效功能 | F73: 无 | G73: 操作=修改静态路由下一跳与所有接口IP不在相同网段,修改接口IP与静态路由不在相同网段,禁用路由出接口,拔掉路由出接口网线,删除静态路由
B74: 步骤2:物理用例设计
B75: 逻辑用例编号 | C75: 用例标题 | D75: 测试数据 | E75: 预置条件 | F75: 测试步骤 | G75: 预期结果
B76: ipv4.static.fib.delete | C76: 验证${操作}后静态路由失效 | D76: 操作=修改静态路由下一跳与所有接口IP不在相同网段,修改接口IP与静态路由不在相同网段,禁用路由出接口,拔掉路由出接口网线,删除静态路由 | E76: 网元正常启动 | F76: 1、配置物理接口或聚合口或者BVI接口或者L3子接口的IP地址 2、配置静态路由的下一跳与该IP地址在相同网段。【check1】 3、${操作}后观察路由转发表【check2】 | G76: 【check1】配置成功，路由转发表中生成该路由 【check2】路由转发表中该路由消失
A77: 路由转发表修改接口IP路由表不变化 | B77: 【设计方法】直接设计法
B78: 步骤1:逻辑用例设计
B79: 逻辑用例编号 | C79: 测试用例描述 | F79: 覆盖的测试数据 | G79: 测试数据选取结果
B80: ipv4.static.fib.unchange | C80: 验证在相同网段修改出接口IP路由表状态不变化 | F80: 无 | G80: 操作=在相同网段修改接口IP
B81: 步骤2:物理用例设计
B82: 逻辑用例编号 | C82: 用例标题 | D82: 测试数据 | E82: 预置条件 | F82: 测试步骤 | G82: 预期结果
B83: ipv4.static.fib.unchange | C83: 验证在相同网段修改出接口IP路由表状态不变化 | D83: 操作=在相同网段修改接口IP | E83: 网元正常启动 | F83: 1、配置物理接口或聚合口或者BVI接口或者L3子接口的IP地址 2、配置静态路由的下一跳与该IP地址在相同网段。【check1】 3、修改接口IP，修改前后接口IP在相同网段，后观察路由转发表【check2】 4、修改接口IP与路由下一跳地址相同。【check3】 | G83: 【check1】配置成功，路由转发表中生成该路由 【check2】路由转发表中该路由消失 【check3】修改失败，提示信息正确
A84: 路由转发表中的路由切换接口测试 | B84: 【设计方法】直接设计法
B85: 步骤1:逻辑用例设计
B86: 逻辑用例编号 | C86: 测试用例描述 | F86: 覆盖的测试数据 | G86: 测试数据选取结果
B87: ipv4.static.fib.delete | C87: 验证路由表失效功能 | F87: 无 | G87: 操作=修改静态路由下一跳与其他接口IP在相同网段,配置其他接口IP与静态路由在相同网段且掩码更长,配置其他接口IP与静态路由在相同网段且掩码更短后构造出接口Down
B88: 步骤2:物理用例设计
B89: 逻辑用例编号 | C89: 用例标题 | D89: 测试数据 | E89: 预置条件 | F89: 测试步骤 | G89: 预期结果
B90: ipv4.static.fib.change.intf | C90: 验证${操作}后静态路由切换出接口 | D90: 操作=修改静态路由下一跳与其他接口IP不在相同网段,配置其他接口IP与静态路由在相同网段且掩码长度更长,配置其他接口IP与静态路由在相同网段且掩码长度更短后构造出接口Down | E90: 网元正常启动 | F90: 1、配置物理接口或聚合口或者BVI接口或者L3子接口的IP地址 2、配置静态路由的下一跳与该IP地址在相同网段。【check1】 3、${操作}后观察路由转发表【check2】 | G90: 【check1】配置成功，路由转发表中生成该路由 【check2】路由转发表中该路由的出接口切换为新的接口
A91: 路由转发表优先级功能验证 | B91: 【设计方法】直接设计法
B92: 步骤1:逻辑用例设计
B93: 逻辑用例编号 | C93: 测试用例描述 | F93: 覆盖的测试数据 | G93: 测试数据选取结果
B94: ipv4.static.fib.pri1 | C94: 验证静态路由优先级功能 | F94: 无
B95: ipv4.static.fib.ecmp1 | C95: 优先级相同的等价路由 | F95: 无 | G95: 出接口=相同接口,不同接口,相同接口和不同接口共存
B96: ipv4.static.fib.ecmp2 | C96: 优先级相同的等价路由 | F96: 无 | G96: 出接口=相同接口,不同接口,相同接口和不同接口共存
B97: 步骤2:物理用例设计
B98: 逻辑用例编号 | C98: 用例标题 | D98: 测试数据 | E98: 预置条件 | F98: 测试步骤 | G98: 预期结果
B99: ipv4.static.fib.pri1 | C99: 验证静态路由仅最高优先级所在转发表中生效 | D99: 操作=禁用接口,拔插网线 | E99: 网元正常启动 | F99: 1、配置物理接口或聚合口或者BVI接口或者L3子接口的IP地址 2、配置多条目的网络相同的静态路由的下一跳不相同，优先级不相同。查看路由转发表。【check1】 3、添加一条目的网段相同，下一跳不同，优先级更高的静态路由，查看静态路由转发表【check1】 4、禁用最高优先级的路由出接口，查看路由转发表【check2】 5、启用接口后，拔插最高优先级路由出接口的网线，查看路由转发表【check2】 | G99: 【check1】转发表中只有优先级最高（值最低）生效 【check2】路由转发表中仅次高优先级的路由生效
B100: ipv4.static.fib.ecmp1 | C100: 验证静态路由的优先级相同是在${出接口}间生成等价路由 | D100: 出接口=相同接口;步骤描述=路由的多个下一跳都在同一接口IP同网段 出接口=相同和不同接口;步骤描述=多条路由的出接口部分在相同接口部分在不同接口 | E100: 网元正常启动 | F100: 1、配置物理接口或聚合口或者BVI接口或者L3子接口的IP地址。 2、配置多条目的网络相同的静态路由，所有路由的优先级均为1，路由的下一跳与${步骤描述}IP在相同网段，查看路由转发表。【check1】 3、修改所有路由的优先级为最大值255。查看路由转发表。【check1】 4、修改所有路由的优先级为1-255间任意值。查看路由转发表。【check1】 | G100: 【check1】转发表中所有下一跳全部生成等价路由
B101: ipv4.static.fib.ecmp2 | C101: 验证等价路由与静态路由优先级最高的路由生效 | D101: 操作=禁用接口,拔插网线 | E101: 网元正常启动 | F101: 1、配置物理接口或聚合口或者BVI接口或者L3子接口的IP地址 2、配置多条目的网络相同的静态路由的下一跳不相同，优先级相同。查看路由转发表。【check1】 3、添加一条目的网段相同，下一跳不同，优先级更高的静态路由，查看静态路由转发表【check2】 4、禁用最高优先级的路由出接口，查看路由转发表【check1】 5、启用接口后，拔插最高优先级路由出接口的网线，查看路由转发表【check1】 | G101: 【check1】转发表中所有下一跳全部生成等价路由 【check2】路由转发表中仅最高优先级的路由生效 【check3】等价路由中所有下一跳全部失效
A102: 容量测试 | B102: 【设计方法】直接设计法
B103: 步骤1:逻辑用例设计
...

Sheet 直连路由
A1: 测试点汇总 | B1: 测试点 | C1: 测试设计方法 | D1: 适用场景 | E1: 用例规模（个） | F1: 测试数据
B2: 直连路由的维护 | C2: 等价类划分&数据组合 | E2: 2 | F2: 物理接口，聚合口、L3子接口、BVI接口、Tunnel口，直连路由根据接口状态计算生效与失效，直连路由的开销
B3: 直连路由的维护-多接口IP | C3: 直接分析 | E3: 1 | F3: 多个接口IP
B4: 直连路由的维护-成员接口状态 | C4: 直接分析 | E4: 2 | F4: 聚合接口，BVI接口
B5: 直连路由的维护-逻辑接口增删 | C5: 直接分析 | E5: 1 | F5: 聚合口、L3子接口、BVI接口
B6: 升级测试 | C6: 直接分析 | E6: 1 | F6: 升级后所有接口能生成直连路由
B7: 容量测试 | C7: 直接分析 | E7: 2 | F7: 最大数量的直连路由，达到最大数量后的增删测试
B8: 反复操作 | C8: 直接分析 | E8: 1 | F8: 反复修改接口IP地址
A9: 直连路由的维护 | B9: 【设计方法】等价类划分&数据组合
B10: 步骤1:等价类划分
B11: 等价类划分 | C11: 测试数据 | D11: 有效类 | E11: 无效类
C12: 接口类型IP | D12: 128.0.0.1/2 | F12: 划分方法：无 选取策略：全选 选取结果：接口IP=128.0.0.1/2,233.255.255.254/30,1.0.0.1/30,首段为(1~126]的任意有效值,首段为[128-223)的任意有效值
D13: 233.255.255.254/30
D14: 1.0.0.1/30
D15: 首段为(1~126]的任意有效值
D16: 首段为[128-223)的任意有效值
C17: 接口类型 | D17: 物理接口 | F17: 划分方法：无 选取策略：全选 选取结果：接口类型=物理接口,聚合接口,L3子接口,BVI接口
D18: 聚合接口
D19: L3子接口
D20: BVI接口
D21: #Tunnel口
D22: #PPPoE接口
B23: 步骤2:数据组合
B24: 数据组合 | C24: 测试数据 | D24: 数据取值 | E24: 组合数据分析 | F24: 约束条件和组合策略 | G24: 组合结果
C25: 接口类型 | D25: 物理接口 | E25: 接口类型IP | F25: 接口IP=128.0.0.1/2,首段为(1~126]的任意有效值 | G25: 接口类型=物理接口;接口IP=128.0.0.1/2,首段为(1~126]的任意有效值
D26: 聚合接口 | E26: 接口类型IP | F26: 接口IP=233.255.255.254/30 | G26: 接口类型=聚合接口;接口IP=233.255.255.254/30
D27: L3子接口 | E27: 接口类型IP | F27: 接口IP=1.0.0.1/30 | G27: 接口类型=L3子接口;接口IP=1.0.0.1/30
D28: BVI接口 | E28: 接口类型IP | F28: 接口IP=首段为[128-223)的任意有效值 | G28: 接口类型=BVI接口;接口IP=首段为[128-223)的任意有效值
B29: 步骤3:逻辑用例设计
B30: 逻辑用例编号 | C30: 测试用例描述 | F30: 覆盖的测试数据 | G30: 测试数据选取结果
B31: ipv4.direct.route.fib.phyintf | C31: 验证接口IP生成直连路由功能 | F31: 接口类型&接口IP | G31: 接口类型=物理接口;接口IP=128.0.0.1/2,首段为(1~126]的任意有效值 接口类型=聚合接口;接口IP=233.255.255.254/30 接口类型=L3子接口;接口IP=1.0.0.1/30 接口类型=BVI接口;接口IP=首段为[128-223)的任意有效值
B32: 步骤4:物理用例设计
B33: 逻辑用例编号 | C33: 用例标题 | D33: 测试数据 | E33: 预置条件 | F33: 测试步骤 | G33: 预期结果
B34: ipv4.direct.route.fib | C34: 验证${接口类型}的IP地址生成直连路由功能 | D34: 接口类型=物理接口;接口IP=128.0.0.1/2,首段为(1~126]的任意有效值 接口类型=聚合接口;接口IP=233.255.255.254/30 接口类型=L3子接口;接口IP=1.0.0.1/30 接口类型=BVI接口;接口IP=首段为[128-223)的任意有效值 | E34: 网元正常启动 | F34: 1、配置${接口类型}为路由模式 2、配置接口的IP地址为$[接口IP]，并观察路由转发表【check1】 3、构造接口状态为Down，观察路由转发表【check2】 | G34: 【check1】配置成功，路由转发表中生成接口IP所在网段的直连路由 【check2】接口IP生成的直连路由消失
A35: 直连路由维护-接口多IP | B35: 【设计方法】直接设计法
B36: 步骤1:逻辑用例设计
B37: 逻辑用例编号 | C37: 测试用例描述 | F37: 覆盖的测试数据 | G37: 测试数据选取结果
B38: ipv4.direct.route.fib.mulip | C38: 验证接口多IP均能生成直连路由 | G38: 接口类型=物理接口,聚合接口,L3子接口,BVI接口
B39: 步骤2:物理用例设计
B40: 逻辑用例编号 | C40: 用例标题 | D40: 测试数据 | E40: 预置条件 | F40: 测试步骤 | G40: 预期结果
B41: ipv4.direct.route.fib.mulip | C41: 验证接口多IP均能生成直连路由 | D41: 接口类型=物理接口,聚合接口,L3子接口,BVI接口 | E41: 网元正常启动 | F41: 1、配置物理接口、聚合接口、L3子接口或者BVI接口为路由模式 2、在接口上配置至少10个IP地址，观察路由转发表【check1】 3、接口上删除部分IP地址，观察路由转发表【check2】 4、构造接口状态为Down，观察路由转发表【check3】 | G41: 【check1】接口上所有的IP地址均生成直连路由 【check2】删除的IP地址对应的直连路由消失 【check3】路由转发表中接口IP对应的直连路由全部消失
A42: 直连路由的维护-成员接口状态 | B42: 【设计方法】直接设计法
B43: 步骤1:逻辑用例设计
B44: 逻辑用例编号 | C44: 测试用例描述 | F44: 覆盖的测试数据 | G44: 测试数据选取结果
B45: ipv4.direct.route.fib.member | C45: 验证逻辑接口成员状态变化对直连路由的影响 | G45: 接口类型=聚合接口,BVI接口
B46: 步骤2:物理用例设计
B47: 逻辑用例编号 | C47: 用例标题 | D47: 测试数据 | E47: 预置条件 | F47: 测试步骤 | G47: 预期结果
B48: ipv4.direct.route.fib.member | C48: 验证${接口类型}成员接口状态变化对直连路由的影响 | D48: 接口类型=聚合接口,BVI接口 | E48: 网元正常启动 | F48: 1、在设备上配置${接口类型} 2、配置${接口类型}的IP地址，观察路由转发表【check1】 3、构造${接口类型}的部分成员口接口Down，观察路由转发表。【check1】 4、构造${接口类型}的全部成员口接口Down，观察路由转发表【check2】 5、构造{接口类型}的部分成员接口状态为Up，观察路由转发表【check1】 | G48: 【check1】接口的IP地址生成直连路由 【check2】删除的IP地址对应的直连路由消失 【check3】路由转发表中接口IP对应的直连路由全部消失
A49: 直连路由的维护-逻辑增删 | B49: 【设计方法】直接设计法
B50: 步骤1:逻辑用例设计
B51: 逻辑用例编号 | C51: 测试用例描述 | F51: 覆盖的测试数据 | G51: 测试数据选取结果
B52: ipv4.direct.route.fib.logic.intf | C52: 验证逻辑接口接口增删对直连路由的影响 | G52: 接口类型=聚合接口,BVI接口,L3子接口
B53: 步骤2:物理用例设计
B54: 逻辑用例编号 | C54: 用例标题 | D54: 测试数据 | E54: 预置条件 | F54: 测试步骤 | G54: 预期结果
B55: ipv4.direct.route.fib.logic.intf | C55: 验证逻辑接口接口增删对直连路由的影响 | D55: 接口类型=聚合接口,BVI接口,L3子接口 | E55: 网元正常启动 | F55: 1、在设备上配置聚合接口,BVI接口,L3子接口 2、配置接口的IP地址，观察路由转发表【check1】 3、删除该逻辑接口，观察路由转发表【check2】 | G55: 【check1】接口的IP地址生成直连路由 【check2】路由转发表中该逻辑接口生成的直连路由消失
A56: 升级测试 | B56: 【设计方法】直接设计法
B57: 步骤1:逻辑用例设计
B58: 逻辑用例编号 | C58: 测试用例描述 | F58: 覆盖的测试数据 | G58: 测试数据选取结果
C59: 静态路由中已覆盖
B60: 步骤2:物理用例设计
B61: 逻辑用例编号 | C61: 用例标题 | D61: 测试数据 | E61: 预置条件 | F61: 测试步骤 | G61: 预期结果
A63: 容量测试 | B63: 【设计方法】直接设计法
B64: 步骤1:逻辑用例设计
B65: 逻辑用例编号 | C65: 测试用例描述 | F65: 覆盖的测试数据 | G65: 测试数据选取结果
C66: 静态路由中已覆盖
B67: 步骤2:物理用例设计
B68: 逻辑用例编号 | C68: 用例标题 | D68: 测试数据 | E68: 预置条件 | F68: 测试步骤 | G68: 预期结果
A70: 反复操作 | B70: 【设计方法】直接设计法
B71: 步骤1:逻辑用例设计
B72: 逻辑用例编号 | C72: 测试用例描述 | F72: 覆盖的测试数据 | G72: 测试数据选取结果
C73: 在路由转发中覆盖
B74: 步骤2:物理用例设计
B75: 逻辑用例编号 | C75: 用例标题 | D75: 测试数据 | E75: 预置条件 | F75: 测试步骤 | G75: 预期结果

Sheet 路由转发
A1: 测试点汇总 | B1: 测试点 | C1: 测试设计方法 | D1: 适用场景 | E1: 用例规模（个） | F1: 测试数据
B2: 静态路由转发 | C2: 等价类划分&数据组合 | E2: 4 | F2: 出接口为物理接口，聚合口、L3子接口、BVI接口、Tunnel口，静态路由（主机路由，网段路由）、直连路由、默认路由转发、DMAC与接口IP地址相同,DMAC与接口IP地址不同，掩码长度最长匹配，路由转发不匹配优先级
B3: 直连路由转发 | C3: 等价类划分&数据组合 | E3: 4 | F3: 出接口为物理接口，聚合口、L3子接口、BVI接口、Tunnel口，静态路由（主机路由，网段路由）、直连路由、默认路由转发、DMAC与接口IP地址相同,DMAC与接口IP地址不同，掩码长度最长匹配，路由转发不匹配优先级
B4: 掩码最长匹配 | C4: 直接分析 | E4: 2 | F4: 掩码长度最长匹配，路由转发不匹配优先级
B5: 异常报文检测 | C5: 直接分析 | E5: 2 | F5: SIP为ABC类地址中的广播地址，SIP为D类，SIP为E类，SIP为全F，SIP为127段，SIP为全0
B6: 带VLAN的报文路由转发 | C6: 直接分析 | E6: 1 | F6: 不带VLAN，带VLAN，带两层VLAN
B7: 路由转发时修改配置 | C7: 直接分析 | E7: 2 | F7: 路由增删改查,修改接口IP
B8: 浮动路由业务切换测试 | C8: 直接分析 | E8: 3 | F8: 高低优先级路由之间切换、静态路由和直连路由间切换、静态路由和默认路由之间的切换
B9: 路由转发的可靠性 | C9: 直接分析 | E9: 8 | F9: 接口UP、DOWN、掉电。命令复位，反复增删路由，反复修改下一跳，反复启用停用，反复设备掉电，反复设备命令复位
B10: 路由转发业务互不影响 | C10: 直接分析 | E10: 1 | F10: IPv6业务
B11: ARP可靠性测试 | C11: 直接分析 | E11: 3 | F11: ARP不存在到存在，ARP存在到不存在，大量的ARP miss
B12: 高可用场景的路由转发 | C12: 直接分析 | E12: 1 | F12: HA主备切换和回切后路由转发正常
B13: 升级测试 | C13: 直接分析 | E13: 1 | F13: 升级后业务正常
A14: 静态路由转发 | B14: 【设计方法】等价类划分&数据组合
B15: 步骤1:等价类划分
B16: 等价类划分 | C16: 测试数据 | D16: 有效类 | E16: 无效类
C17: 目的网段 | D17: 0.0.0.0/0 | F17: 划分方法：无 选取策略：全选 选取结果：目的网段=0.0.0.0/0,223.255.255.255/32,[1-126].[0-255].[0-255].[0-255]/[1-31],[128-223).[0-255].[0-255].[0-255]/[1-31]
D18: 223.255.255.255/32
D19: [1-126].[0-255].[0-255].[0-255]/[1-31]
D20: [128-223).[0-255].[0-255].[0-255]/[1-31]
C21: 出接口类型 | D21: 物理接口 | F21: 划分方法：无 选取策略：全选 选取结果：接口类型=物理接口,聚合接口,L3子接口,BVI接口
D22: 聚合接口
D23: L3子接口
D24: BVI接口
D25: #Tunnel口
D26: #PPPoE接口
C27: 下一跳 | D27: 1.0.0.0 | F27: 划分方法：无 选取策略：全选 选取结果：下一跳=1.0.0.0,223.255.255.255,(1-126].[0-255].[0-255].[0-255],[128-223].[0-255].[0-255].[0-255]
D28: 223.255.255.255
D29: (1-126].[0-255].[0-255].[0-255]
D30: [128-223].[0-255].[0-255].[0-255]
B31: 步骤2:数据组合
B32: 数据组合 | C32: 测试数据 | D32: 数据取值 | E32: 组合数据分析 | F32: 约束条件和组合策略 | G32: 组合结果
C33: 接口类型 | D33: 物理接口 | E33: 目的网段&下一跳 | F33: 所有取值至少出现一次 | G33: 接口类型=物理接口;目的网段=0.0.0.0/0;权重=0;优先级=1;下一跳=1.0.0.0
D34: 聚合接口 | E34: 目的网段&下一跳 | F34: 所有取值至少出现一次 | G34: 接口类型=聚合接口;目的网段=,[1-126].[0-255].[0-255].[0-255]/[1-31];权重=255;优先级=255;下一跳=223.255.255.255
D35: L3子接口 | E35: 目的网段&下一跳 | F35: 所有取值至少出现一次 | G35: 接口类型=L3子接口;目的网段=[128-223).[0-255].[0-255].[0-255]/[1-31];权重=空;优先级=空;;下一跳=[128-223].[0-255].[0-255].[0-255]
D36: BVI接口 | E36: 目的网段&下一跳 | F36: 所有取值至少出现一次 | G36: 接口类型=BVI接口;目的网段=223.255.255.255/32;权重=(0-255)间任意值;优先级=(1-255)间任意值;下一跳=(1-126].[0-255].[0-255].[0-255]
B37: 步骤3:逻辑用例设计
B38: 逻辑用例编号 | C38: 测试用例描述 | F38: 覆盖的测试数据 | G38: 测试数据选取结果
B39: ipv4.fwd.static | C39: 验证静态路由转发 | F39: 接口类型&接口IP | G39: 接口类型=物理接口;目的网段=0.0.0.0/0;权重=0;优先级=1;下一跳=1.0.0.0 接口类型=聚合接口;目的网段=,[1-126].[0-255].[0-255].[0-255]/[1-31];权重=255;优先级=255;下一跳=223.255.255.255 接口类型=BVI接口;目的网段=223.255.255.255/32;权重=(0-255)间任意值;优先级=(1-255)间任意值;下一跳=(1-126].[0-255].[0-255].[0-255] 接口类型=L3子接口;目的网段=[128-223).[0-255].[0-255].[0-255]/[1-31];权重=空;优先级=空;;下一跳=[128-223].[0-255].[0-255].[0-255]
B40: 步骤4:物理用例设计
B41: 逻辑用例编号 | C41: 用例标题 | D41: 测试数据 | E41: 预置条件 | F41: 测试步骤 | G41: 预期结果
B42: ipv4.fwd.static | C42: 验证出接口为${接口类型}的静态路由转发功能 | D42: 接口类型=物理接口;目的网段=0.0.0.0/0;权重=0;优先级=1;下一跳=1.0.0.0 接口类型=聚合接口;目的网段=,[1-126].[0-255].[0-255].[0-255]/[1-31];权重=255;优先级=255;下一跳=223.255.255.255 接口类型=BVI接口;目的网段=223.255.255.255/32;权重=(0-255)间任意值;优先级=(1-255)间任意值;下一跳=(1-126].[0-255].[0-255].[0-255] 接口类型=L3子接口;目的网段=[128-223).[0-255].[0-255].[0-255]/[1-31];权重=空;优先级=空;下一跳=[128-223].[0-255].[0-255].[0-255] | E42: 1、网元正常启动 2、配置默认转发策略为允许 | F42: 1、配置静态IP目的网段为${目的网段}，下一跳为${下一跳}【check1】 2、配置${接口类型}与静态路由的下一跳在相同网段。保证下一跳能学习到ARP或者配置静态ARP 3、配置另外一个${接口类型}为路由模式，并配置IP地址，向设备发送DMAC为该接口MAC地址，DIP匹配静态路由的报文。【check2】 4、向设备发送DMAC不为该接口MAC地址，DIP匹配静态路由的报文。【check3】 | G42: 【check1】配置成功，路由转发表中生成接口IP所在网段的直连路由 【check2】报文从静态路由的出接口转发，无丢包 【check3】报文全部丢弃
A43: 直连路由转发 | B43: 【设计方法】等价类划分&数据组合
B44: 步骤1:等价类划分
B45: 等价类划分 | C45: 测试数据 | D45: 有效类 | E45: 无效类
C46: 目的网段 | D46: 0.0.0.0/0 | F46: 划分方法：无 选取策略：全选 选取结果：目的网段=0.0.0.0/0,223.255.255.255/32,[1-126].[0-255].[0-255].[0-255]/[1-31],[128-223).[0-255].[0-255].[0-255]/[1-31]
D47: 223.255.255.255/32
D48: [1-126].[0-255].[0-255].[0-255]/[1-31]
D49: [128-223).[0-255].[0-255].[0-255]/[1-31]
C50: 出接口类型 | D50: 物理接口 | F50: 划分方法：无 选取策略：全选 选取结果：接口类型=物理接口,聚合接口,L3子接口,BVI接口
D51: 聚合接口
D52: L3子接口
D53: BVI接口
D54: #Tunnel口
D55: #PPPoE接口
B56: 步骤2:数据组合
B57: 数据组合 | C57: 测试数据 | D57: 数据取值 | E57: 组合数据分析 | F57: 约束条件和组合策略 | G57: 组合结果
C58: 接口类型 | D58: 物理接口 | E58: 接口类型IP | F58: 接口IP=128.0.0.1/2,首段为(1~126]的任意有效值 | G58: 接口类型=物理接口;接口IP=128.0.0.1/2,首段为(1~126]的任意有效值
D59: 聚合接口 | E59: 接口类型IP | F59: 接口IP=233.255.255.254/30 | G59: 接口类型=聚合接口;接口IP=233.255.255.254/30
D60: L3子接口 | E60: 接口类型IP | F60: 接口IP=1.0.0.1/30 | G60: 接口类型=L3子接口;接口IP=1.0.0.1/30
D61: BVI接口 | E61: 接口类型IP | F61: 接口IP=首段为[128-223)的任意有效值 | G61: 接口类型=BVI接口;接口IP=首段为[128-223)的任意有效值
B62: 步骤3:逻辑用例设计
B63: 逻辑用例编号 | C63: 测试用例描述 | F63: 覆盖的测试数据 | G63: 测试数据选取结果
B64: ipv4.fwd.direct | C64: 验证直连路由转发 | F64: 接口类型&接口IP | G64: 接口类型=物理接口;接口IP=233.255.255.254/30 接口类型=聚合接口;接口IP=128.0.0.1/2,首段为(1~126]的任意有效值 接口类型=L3子接口;接口IP=首段为[128-223)的任意有效值 接口类型=BVI接口;接口IP=1.0.0.1/30
B65: 步骤4:物理用例设计
B66: 逻辑用例编号 | C66: 用例标题 | D66: 测试数据 | E66: 预置条件 | F66: 测试步骤 | G66: 预期结果
B67: ipv4.fwd.direct | C67: 验证出接口为${接口类型}的直连路由转发功能 | D67: 接口类型=物理接口;接口IP=233.255.255.254/30 接口类型=聚合接口;接口IP=128.0.0.1/2,首段为(1~126]的任意有效值 接口类型=L3子接口;接口IP=首段为[128-223)的任意有效值 接口类型=BVI接口;接口IP=1.0.0.1/30 | E67: 1、网元正常启动 2、配置默认转发策略为允许 | F67: 1、配置${接口类型}的IP地址为${接口IP} 2、选取接口IP相同网段的任意IP。保证该IP地址能学习到ARP或者配置静态ARP 3、配置另外一个${接口类型}为路由模式，并配置IP地址，向该接口发送DMAC为该接口MAC地址，DIP匹配静态路由的报文。【check1】 4、向该接口发送DMAC不为该接口MAC地址，DIP匹配静态路由的报文。【check2】 | G67: 【check1】报文从直连路由的出接口转发，无丢包 【check2】报文全部丢弃
A68: 路由转发-最长匹配 | B68: 【设计方法】直接设计法
B69: 步骤1:逻辑用例设计
B70: 逻辑用例编号 | C70: 测试用例描述 | F70: 覆盖的测试数据 | G70: 测试数据选取结果
B71: ipv4.fwd.longest.match1 | C71: 验证路由最长匹配 | G71: 路由类型=静态路由;预配置=多条网络地址相同掩码长度不同的静态路由且出接口不同 路由类型=直连路由;预配置=配置多个接口的网络地址相同但掩码长度不同 路由类型=直连路由和静态路由;预配置=接口IP地址和静态路由的网络地址相同掩码长度不同且路由的出接口相同
B72: ipv4.fwd.longest.match2 | C72: 验证路由最长匹配 | G72: 路由类型=静态路由;预配置=多条网络地址相同掩码长度不同的静态路由且出接口不同 路由类型=直连路由;预配置=配置多个接口的网络地址相同但掩码长度不同 路由类型=直连路由和静态路由;预配置=接口IP地址和静态路由的网络地址相同掩码长度不同且路由的出接口相同
B73: 步骤2:物理用例设计
B74: 逻辑用例编号 | C74: 用例标题 | D74: 测试数据 | E74: 预置条件 | F74: 测试步骤 | G74: 预期结果
B75: ipv4.fwd.longest.match1 | C75: 验证${路由类型}最长匹配功能 | D75: 路由类型=静态路由;预配置=多条网络地址相同掩码长度不同的静态路由 路由类型=直连路由;预配置=配置多个接口网络地址相同但掩码长度不同 路由类型=直连路由和静态路由;预配置=接口IP地址和静态路由的网络地址相同掩码长度不同 | E75: 1、网元正常启动 2、配置默认转发策略为允许 | F75: 1、配置${预配置} 2、观察路由转发表【check1】 3、向设备发送匹配该网络地址的报文，观察报文接口情况。【check2】 | G75: 【check1】设备上生成多条掩码长度不同和出接口不同的路由 【check2】报文从掩码长度最长的接口转发报文
B76: ipv4.fwd.longest.match2 | C76: 验证路由转发时不匹配优先级仅匹配掩码长度 | D76: 路由类型=静态路由 | E76: 1、网元正常启动 2、配置默认转发策略为允许 | F76: 1、配置任意一条，出口为port1 2、在设备上添加一条网络地址相同，掩码长度更短，优先级值更低，出口为port2 3、向设备发送匹配该网络地址的报文，观察报文接收情况。【check1】 4、发送流量的同时，在设备上配置接口IP地址，该IP地址网络地址与静态路由的网络地址相同，但掩码长度更短。【check1】【check2】 | G76: 【check1】报文出port1转发 【check2】路由转发表正常生成直连路由
A77: 异常报文识别 | B77: 【设计方法】直接设计法
B78: 步骤1:逻辑用例设计
B79: 逻辑用例编号 | C79: 测试用例描述 | F79: 覆盖的测试数据 | G79: 测试数据选取结果
B80: ipv4.fwd.abnormal.pkt | C80: 验证ipv4异常报文识别 | G80: 异常报文=SIP为ABC类地址中的广播地址，SIP为D类，SIP为E类，SIP为全F，SIP为127段，SIP为全0
B81: 步骤2:物理用例设计
B82: 逻辑用例编号 | C82: 用例标题 | D82: 测试数据 | E82: 预置条件 | F82: 测试步骤 | G82: 预期结果
B83: ipv4.fwd.abnormal.pkt.sip | C83: 验证ipv4的SIP异常报文识别 | D83: 异常报文=SIP为ABC类地址中的广播地址,SIP为D类,SIP为E类,SIP为全F,SIP为127段,SIP为全0 | E83: 1、网元正常启动 2、配置默认转发策略为允许 | F83: 1、配置接口IP地址 2、在设备上配置一条默认路由 2、向设备发送$[异常报文]，观察报文接收情况。【check1】 | G83: 【check1】报文全部丢弃
B84: ipv4.fwd.abnormal.pkt.ipheader | C84: 验证ipv4头部异常报文识别 | D84: 异常报文=ttl为0,ttl为1,checksum错误 | E84: 1、网元正常启动 2、配置默认转发策略为允许 | F84: 1、配置接口IP地址 2、在设备上配置一条默认路由 2、向设备发送$[异常报文]的报文，观察报文接收情况。【check1】 | G84: 【check1】报文全部丢弃
A85: 带VLAN的报文路由转发 | B85: 【设计方法】直接设计法
B86: 步骤1:逻辑用例设计
B87: 逻辑用例编号 | C87: 测试用例描述 | F87: 覆盖的测试数据 | G87: 测试数据选取结果
B88: ipv4.fwd.vlan.pkt | C88: 验证带VLAN的IPv4报文转发 | F88: VLAN层数 | G88: VLAN层数=不带VLAN的报文,带一层VLAN的报文,带两层VLAN的报文
B89: 步骤2:物理用例设计
B90: 逻辑用例编号 | C90: 用例标题 | D90: 测试数据 | E90: 预置条件 | F90: 测试步骤 | G90: 预期结果
B91: ipv4.fwd.vlan.pkt | C91: 验证带VLAN的IPv4报文转发 | D91: VLAN层数=不带VLAN的报文,带一层VLAN的报文,带两层VLAN的报文 | E91: 1、网元正常启动 2、配置默认转发策略为允许 | F91: 1、配置一条默认路由 2、配置物理接口、BVI口、或者聚合接口IP地址，并向接口发送不带VLAN的IPv4报文。观察报文转发【check1】 3、向物理接口、BVI口、或者聚合接口发送携带一层VLAN和两层VLAN的报文，观察报文接收情况。【check2】 4、配置L3子接口的IP地址，并向子接口发送携带一层VLAN，且匹配L3子接口VLAN ID的报文。观察报文转发【check1】 5、向L3子接口发送携带一层VLAN，VLAN ID与子接口VLAN不匹配的报文，观察报文转发。【check2】 6、向子接口发送不带VLAN（L3子接口物理接口上没有IP地址）和携带两层VLAN（外层VLAN与子接口VLAN ID相同）的报文，观察报文转发【check2】 | G91: 【check1】报文正常抓饭 【check2】报文丢弃
A92: 路由转发时修改配置 | B92: 【设计方法】直接设计法
B93: 步骤1:逻辑用例设计
B94: 逻辑用例编号 | C94: 测试用例描述 | F94: 覆盖的测试数据 | G94: 测试数据选取结果
B95: ipv4.fwd.modify | C95: 验证带VLAN的IPv4报文转发 | F95: 修改配置 | G95: 标题描述=修改路由优先级;修改配置=修改出口为Port2的路由优先级高于Port1 标题描述=修改端口IP地址;修改配置=修改Port1的IP地址不再匹配两条静态路由
B96: 步骤2:物理用例设计
B97: 逻辑用例编号 | C97: 用例标题 | D97: 测试数据 | E97: 预置条件 | F97: 测试步骤 | G97: 预期结果
B98: ipv4.fwd.modify | C98: 验证${标题描述}对路由转发的影响 | D98: 标题描述=修改路由优先级;修改配置=修改出口为Port2的路由优先级高于Port1 标题描述=修改端口IP地址;修改配置=修改Port1的IP地址不再匹配两条静态路由 | E98: 1、网元正常启动 2、配置默认转发策略为允许 | F98: 1、配置Port1和port2的IP地址 2、配置两条静态路由，网络地址相同，出接口分别为Port1和Port2。其中Port1的路由优先级优于Port2的静态路由（优先级值越低优先级越优） 3、向设备发送匹配该网络地址的IPv4报文，观察报文转发。【check1】 4、${修改配置}。观察报文转发。【check2】 | G98: 【check1】报文从Port1转发 【check2】报文切换到Port2转发
A99: 浮动路由测试 | B99: 【设计方法】直接设计法
B100: 步骤1:逻辑用例设计
...

Sheet 单臂路由
A1: 测试点汇总 | B1: 测试点 | C1: 测试设计方法 | D1: 适用场景 | E1: 用例规模（个） | F1: 测试数据
B2: 不同类型接口单臂路由转发 | C2: 直接分析 | E2: 3 | F2: 聚合口与L3子接口、物理接口与L3子接口，L3子接口与L3子接口
B3: 相同类型接口的单臂路由转发 | C3: 直接分析 | E3: 5 | F3: 物理接口、聚合口、L3子接口、BVI接口、Tunnel口
B4: 单臂路由可靠性 | C4: 直接分析 | E4: 1 | F4: 单臂路由转发时增删静态路由
B5: 单臂路由与策略耦合 | C5: 直接分析 | E5: 1 | F5: 单臂路由与默认策略耦合
A6: 不同接口单臂路由转发 | B6: 【设计方法】直接设计法
B7: 步骤1:逻辑用例设计
B8: 逻辑用例编号 | C8: 测试用例描述 | F8: 覆盖的测试数据 | G8: 测试数据选取结果
B9: IPv4.single.arm.diff.intf | C9: 验证${接口}间的单臂路由转发 | F9: 不涉及 | G9: 接口=聚合口与L3子接口,物理接口与L3子接口,L3子接口与L3子接口
B10: 步骤2:物理用例设计
B11: 逻辑用例编号 | C11: 用例标题 | D11: 测试数据 | E11: 预置条件 | F11: 测试步骤 | G11: 预期结果
B12: IPv4.single.arm.diff.intf | C12: 验证${接口描述}间的单臂路由转发 | D12: 接口描述=聚合口与L3子接口;预配置=配置聚合口和该聚合口上创建的L3子接口的IP分别匹配这两条静态路由 接口描述=物理接口与L3子接口;预配置=配置物理接口和该物理接口上创建的L3子接口的IP分别匹配这两条静态路由 接口描述=L3子接口与L3子接口;预配置=配置同一物理接口或者聚合口上的两个L3子接口的IP分别匹配这两条静态路由 | E12: 1、网元正常启动 2、配置默认转发策略为允许 | F12: 1、配置两条静态路由。 2、${预配置} 3、在${接口描述}之间双向发送匹配静态路由的报文，观察报文转发。【check1】 | G12: 【check1】报文正常转发，封装的DMAC、SMAC正确，无丢包。
A13: 相同接口单臂路由转发 | B13: 【设计方法】直接设计法
B14: 步骤1:逻辑用例设计
B15: 逻辑用例编号 | C15: 测试用例描述 | F15: 覆盖的测试数据 | G15: 测试数据选取结果
B16: IPv4.single.arm.same.intf | C16: 验证${接口}内的单臂路由转发 | F16: 不涉及 | G16: 接口=物理接口,聚合口,L3子接口,BVI接口
B17: 步骤2:物理用例设计
B18: 逻辑用例编号 | C18: 用例标题 | D18: 测试数据 | E18: 预置条件 | F18: 测试步骤 | G18: 预期结果
B19: IPv4.single.arm.same.intf | C19: 验证${接口}内的单臂路由转发 | D19: 接口=物理接口,聚合口,L3子接口,BVI接口 | E19: 1、网元正常启动 2、配置默认转发策略为允许 | F19: 1、配置两条静态路由，下一跳不同但在相同网段。 2、配置${接口}的IP与这两条静态的下一跳在相同网段 3、向${接口}之发送配匹配这两条静态路由的报文，观察报文转发。【check1】 | G19: 【check1】报文正常转发，封装的DMAC、SMAC正确，无丢包。
A20: 单臂路由可靠性 | B20: 【设计方法】直接设计法
B21: 步骤1:逻辑用例设计
B22: 逻辑用例编号 | C22: 测试用例描述 | F22: 覆盖的测试数据 | G22: 测试数据选取结果
B23: IPv4.single.arm.reliability | C23: 验证反复增删静态路由对单臂路由转发的影响 | F23: 不涉及 | G23: 操作=反复增删静态路由
B24: 步骤2:物理用例设计
B25: 逻辑用例编号 | C25: 用例标题 | D25: 测试数据 | E25: 预置条件 | F25: 测试步骤 | G25: 预期结果
B26: IPv4.single.arm.reliability | C26: 验证反复增删静态路由对单臂路由转发的影响 | D26: 操作=反复增删静态路由 | E26: 1、网元正常启动 2、配置默认转发策略为允许 | F26: 1、配置两条静态路由，出口形成单臂转发（出接口在相同的接口，或者出接口在同一接口上创建的不同子接口）。 2、双向发送匹配静态路由的报文，观察报文转发【check1】 3、反复增删静态路由10次以上，保持路由为删除，观察报文转发。【check2】 4、添加静态路由，观察报文转发。【check1】 | G26: 【check1】报文正常转发，封装的DMAC、SMAC正确，无丢包。 【check2】报文转发中断
A27: 单臂路由与策略耦合 | B27: 【设计方法】直接设计法
B28: 步骤1:逻辑用例设计
B29: 逻辑用例编号 | C29: 测试用例描述 | F29: 覆盖的测试数据 | G29: 测试数据选取结果
B30: IPv4.single.arm.acl | C30: 验证默认策略限制单臂路由转发功能 | F30: 不涉及 | G30: 策略类型=默认策略
B31: 步骤2:物理用例设计
B32: 逻辑用例编号 | C32: 用例标题 | D32: 测试数据 | E32: 预置条件 | F32: 测试步骤 | G32: 预期结果
B33: IPv4.single.arm.acl | C33: 验证默认策略限制单臂路由转发功能 | D33: 操作=反复增删静态路由 | E33: 1、网元正常启动 2、配置默认转发策略为允许 | F33: 1、配置两条静态路由，出口形成单臂转发（出接口在相同的接口，或者出接口在同一接口上创建的不同子接口）。 2、双向发送匹配静态路由的报文，观察报文转发【check1】 3、配置默认策略为阻塞，观察报文转发。【check2】 4、配置默认策略为允许，观察报文转发。【check1】 | G33: 【check1】报文正常转发，封装的DMAC、SMAC正确，无丢包。 【check2】报文转发中断

Sheet 等价路由
A1: 测试点汇总 | B1: 测试点 | C1: 测试设计方法 | D1: 适用场景 | E1: 用例规模（个） | F1: 测试数据
B2: 等价路由维护 | C2: 等价类划分&数据组合 | E2: 5 | F2: 静态路由形成等价路由，默认路由形成等价路由，高优先级路由生效时等价路由失效，高优先级路由失效时等价路由生效，默认路由接口类型（物理接口、聚合口、L3子接口、BVI接口、Tunnel口）
B3: 默认路由与接口网关生成等价路由 | C3: 直接分析 | E3: 1 | F3: 物理接口,聚合口,L3子接口,BVI接口
B4: 等价路由业务分担测试 | C4: 等价类划分&数据组合 | E4: 3 | F4: 分担算法测试，修改权重，默认网关的默认权重分担
B5: 等价路由链路切换 | C5: 直接分析 | E5: 4 | F5: 业务切换，新增链路可以分担业务，新增链路老业务不受影响，减少链路，删除非业务转发链路业务不受影响（不支持）
B6: 静态路由和等价路由间切换 | C6: 直接分析 | E6: 4 | F6: 等价路由和静态路由切换，修改优先级
B7: 等价路由可靠性 | C7: 直接分析 | E7: 4 | F7: 反复链路振荡10次以上,反复修改链路权重10次以上，反复进行设备掉电10次，反复进行设备命令复位10次以上，
B8: 等价路由性能测试 | C8: 直接分析 | E8: 1 | F8: 等价路由链路切换时间
A9: 等价路由维护 | B9: 【设计方法】等价类划分&数据组合
B10: 步骤1:等价类划分
B11: 等价类划分 | C11: 测试数据 | D11: 有效类 | E11: 无效类
C12: 路由类型 | D12: 默认路由 | F12: 划分方法：无 选取策略：全选 选取结果：路由类型=静态路由,默认路由
D13: 静态路由
C14: 出接口类型 | D14: 物理接口 | F14: 划分方法：无 选取策略：全选 选取结果：接口类型=物理接口,聚合接口,L3子接口,BVI接口
D15: 聚合接口
D16: L3子接口
D17: BVI接口
D18: #Tunnel口
D19: #PPPoE接口
B20: 步骤2:数据组合
B21: 数据组合 | C21: 测试数据 | D21: 数据取值 | E21: 组合数据分析 | F21: 约束条件和组合策略 | G21: 组合结果
C22: 路由类型 | D22: 默认路由 | E22: 出接口类型 | F22: 接口类型=物理接口,聚合接口,L3子接口,BVI接口 | G22: 路由类型=默认路由;接口类型=物理接口,聚合接口,L3子接口,BVI接口
D23: 静态路由 | E23: 出接口类型 | F23: 接口类型=物理接口,聚合接口,L3子接口,BVI接口 | G23: 路由类型=静态路由;接口类型=物理接口,聚合接口,L3子接口,BVI接口
B24: 步骤3:逻辑用例设计
B25: 逻辑用例编号 | C25: 测试用例描述 | F25: 覆盖的测试数据 | G25: 测试数据选取结果
B26: ipv4.ecmp.fib | C26: 验证等价路由功能 | F26: 接口类型&接口IP | G26: 路由类型=默认路由;接口类型=物理接口,聚合接口,L3子接口,BVI接口 路由类型=静态路由;接口类型=物理接口,聚合接口,L3子接口,BVI接口
B27: 步骤4:物理用例设计
B28: 逻辑用例编号 | C28: 用例标题 | D28: 测试数据 | E28: 预置条件 | F28: 测试步骤 | G28: 预期结果
B29: ipv4.ecmp.fib | C29: 验证${路由类型}生成等价路由功能 | D29: 路由类型=默认路由;接口类型=物理接口,聚合接口,L3子接口,BVI接口 路由类型=静态路由;接口类型=物理接口,聚合接口,L3子接口,BVI接口 | E29: 网元正常启动 | F29: 1、在网元上配置${接口类型}的IP地址 2、配置多条网络地址相同，优先级相同的静态路由，路由的下一跳分别匹配${接口类型} 3、查看路由转发表【check1】 4、配置一跳优先级更优（优先级取值跟小）的${路由类型}，观察路由转发表。【check2】 5、删除步骤4中配置的静态路由，观察路由转发表。【check1】 | G29: 【check1】路由转发表中步骤2配置的所有下一跳均生效，并形成等价路由。 【check2】路由转发表中的等价路由所有的下一跳全部失效，只有新配置的静态路由生效。
A30: 默认路由与接口网关生成等价路由 | B30: 【设计方法】直接设计法
B31: 步骤1:逻辑用例设计
B32: 逻辑用例编号 | C32: 测试用例描述 | F32: 覆盖的测试数据 | G32: 测试数据选取结果
B33: ipv4.ecmp.fib.gateway | C33: 验证静态默认路由与接口的默认网关生成等价路由 | F33: 不涉及 | G33: 接口=物理接口,聚合口,L3子接口,BVI接口
B34: 步骤2:物理用例设计
B35: 逻辑用例编号 | C35: 用例标题 | D35: 测试数据 | E35: 预置条件 | F35: 测试步骤 | G35: 预期结果
B36: ipv4.ecmp.fib.gateway | C36: 验证默认路由与接口网关生成等价路由功能 | D36: 接口=物理接口,聚合口,L3子接口,BVI接口 | E36: 1、网元正常启动 | F36: 1、配置物理接口、聚合口、L3子接口和BVI接口的IP地址和默认网关，默认网关和本接口IP在相同网段。 2、配置一条默认路由，其优先级与接口默认网关生成的路由的优先级相同。观察路由转发表。【check1】 3、配置静态路由的优先级优于接口默认网关生成的路由（优先级值越小越优），观察路由转发表【check2】 3、配置静态路由的优先级劣于接口默认网关生成的路由。观察路由转发表【check3】 | G36: 【check1】静态路由与所有接口的默认网关路由生成一条等价路由 【check2】所有接口默认网关生成的路由失效，只有静态默认路由生效。 【check3】所有接口默认网关生成的路由生效并形成等价路由，静态默认路由失效。
A37: 等价路由业务分担测试 | B37: 【设计方法】直接设计法
B38: 步骤1:逻辑用例设计
B39: 逻辑用例编号 | C39: 测试用例描述 | F39: 覆盖的测试数据 | G39: 测试数据选取结果
B40: ipv4.ecmp.loadbalance1 | C40: 验证等价路由业务分担功能 | F40: 不涉及 | G40: 路由类型=静态路由
B41: ipv4.ecmp.loadbalance2 | C41: 验证接口默认网关路由业务分担权重的默认值 | F41: 不涉及 | G41: 路由类型=默认路由;接口=物理接口,聚合口,L3子接口,BVI接口
B42: 步骤2:物理用例设计
B43: 逻辑用例编号 | C43: 用例标题 | D43: 测试数据 | E43: 预置条件 | F43: 测试步骤 | G43: 预期结果
B44: ipv4.ecmp.loadbalance1 | C44: 验证等价路由业务分担功能 | D44: 路由类型=静态路由 | E44: 1、网元正常启动 2、配置默认转发策略为允许 | F44: 1、配置多条具有相同优先级的静态路由，路由权重设置参考权重分担测试执行准则。 2、发送匹配静态路由，报文内容变化的报文，观察业务转发情况。【check1】 3、修改路由权重，观察业务转发情况。【check1】 | G44: 【check1】业务能够正常进行分担。业务流量覆盖权重分担测试准则。
B45: ipv4.ecmp.loadbalance2 | C45: 验证接口默认网关路由业务分担权重的默认值 | D45: 路由类型=默认路由;接口=物理接口,聚合口,L3子接口,BVI接口 | E45: 1、网元正常启动 2、配置默认转发策略为允许 | F45: 1、配置多个接口的IP地址，并在接口上配置默认网关（接口数量参考权重测试执行准则）。 2、发送报文内容变化且匹配默认路由的流量，观察报文转发情况【check1】 3、添加一条静态默认路由，优先级与接口默认网关生成的默认路由相同。权重值设置参考权重分担测试执行准则 | G45: 【check1】业务能够正常进行分担，默认网关生成的默认路由权重值为1，业务流量符合权重分担测试准则。
A46: 等价路由链路切换 | B46: 【设计方法】直接设计法
B47: 步骤1:逻辑用例设计
B48: 逻辑用例编号 | C48: 测试用例描述 | F48: 覆盖的测试数据 | G48: 测试数据选取结果
B49: ipv4.ecmp.link.change | C49: 验证等价路由${标题描述}后链路切换功能 | F49: 不涉及 | G49: 标题描述=增删路由;操作1=配置静态增加等价路由链路;操作2=删除部分等价路由出口路由 标题描述=禁用启用接口;操作1=禁用部分等价路由部分链路出接口;操作2=启用部分或者全部被禁用接口 标题描述=拔插网线;操作1=拔出部分等价路由部分链路出接口的网线;操作2=插入部分或者全部接口的网线 标题描述=调整成员路由优先级;操作1=降低部分成员路由的优先级;操作2=提高部分或者全部优先级降低的成员路由优先级
B50: 步骤2:物理用例设计
B51: 逻辑用例编号 | C51: 用例标题 | D51: 测试数据 | E51: 预置条件 | F51: 测试步骤 | G51: 预期结果
B52: ipv4.ecmp.link.change | C52: 验证等价路由${标题描述}后业务链路切换功能 | D52: 标题描述=增删路由;操作1=配置静态增加等价路由链路;操作2=删除部分等价路由出口路由 标题描述=禁用启用接口;操作1=禁用部分等价路由部分链路出接口;操作2=启用部分或者全部被禁用接口 标题描述=拔插网线;操作1=拔出部分等价路由部分链路出接口的网线;操作2=插入部分或者全部接口的网线 | E52: 1、网元正常启动 2、配置默认转发策略为允许 | F52: 1、配置优先级相同的多条静态路由或者默认路由，具有多个下一跳。 2、发送匹该路由，报文内容变化的报文，观察业务转发情况。【check1】 3、${操作1}，观察业务转发。【check1】 3、${操作2}，观察业务转发。【check1】 | G52: 【check1】业务能够正常进行分担。业务稳定后无丢包
A53: 静态路由和等价路由间切换 | B53: 【设计方法】直接设计法
B54: 步骤1:逻辑用例设计
B55: 逻辑用例编号 | C55: 测试用例描述 | F55: 覆盖的测试数据 | G55: 测试数据选取结果
B56: ipv4.ecmp.route.change1 | C56: 验证等价路由${标题描述}后路由切换功能 | F56: 不涉及 | G56: 标题描述=切换路由优先级;操作1=提高等价路由成员优先级（值更小）;操作2=调整该路由的优先级等于等价类路由的优先级, 标题描述=增删路由;操作1=新增一跳目的网段相同优先级更优(值更小)的路由;操作2=调增该路由的优先级劣于等价路由的优先级（值更大）
B57: ipv4.ecmp.route.change2 | C57: 验证等价路由${标题描述}后路由切换功能 | F57: 不涉及 | G57: 标题描述=禁用启用接口;操作1=启用高优先级路由的出接口;操作2=禁用高优先级路由的出接口 标题描述=拔插网线;操作1=插入高优先级路由的出接口的网线;操作2=高优先级路由的出接口的网线
B58: 步骤2:物理用例设计
B59: 逻辑用例编号 | C59: 用例标题 | D59: 测试数据 | E59: 预置条件 | F59: 测试步骤 | G59: 预期结果
B60: ipv4.ecmp.route.change1 | C60: 验证等价路由${标题描述}后路由切换功能 | D60: 标题描述=切换路由优先级;操作1=提高等价路由成员优先级（值更小）;操作2=调整该路由的优先级等于等价类路由的优先级 标题描述=增删路由;操作1=新增一跳目的网段相同优先级更优(值更小)的路由;操作2=调增该路由的优先级劣于等价路由的优先级（值更大） | E60: 1、网元正常启动 2、配置默认转发策略为允许 | F60: 1、配置优先级相同的多条静态路由或者默认路由，具有多个下一跳。 2、发送匹配该路由，报文内容变化的报文，观察业务转发情况。【check1】 3、${操作1}，观察业务转发。【check2】 3、${操作2}，观察业务转发。【check1】 | G60: 【check1】业务按照等价路由惊醒转发，且业务正常进行分担。业务稳定后无丢包 【check2】业务按照高优先级的路由进行转发，等价路由在转发表中失效
B61: ipv4.ecmp.route.change2 | C61: 验证等价路由${标题描述}后路由切换功能 | D61: 标题描述=禁用启用接口;操作1=启用高优先级路由的出接口;操作2=禁用高优先级路由的出接口 标题描述=拔插网线;操作1=拔掉高优先级路由的出接口的网线;操作2=插入高优先级路由的出接口的网线 | E61: 1、网元正常启动 2、配置默认转发策略为允许 | F61: 1、配置优先级相同的多条静态路由或者默认路由，具有多个下一跳。 2、发送匹配该路由，报文内容变化的报文，观察业务转发情况。【check1】 3、添加一条与等价路由目的网段相同，优先级更优(值更小)的路由，观察业务转发【check2】 4、${操作2}，观察业务转发。【check1】 5、${操作1}，观察业务转发。【check2】 | G61: 【check1】业务按照等价路由惊醒转发，且业务正常进行分担。业务稳定后无丢包 【check2】业务按照高优先级的路由进行转发，等价路由在转发表中失效
A62: 等价路由可靠性测试 | B62: 【设计方法】直接设计法
B63: 步骤1:逻辑用例设计
B64: 逻辑用例编号 | C64: 测试用例描述 | F64: 覆盖的测试数据 | G64: 测试数据选取结果
B65: ipv4.ecmp.reliablity | C65: 验证等价路由${操作}后等价路由转发功能 | F65: 不涉及 | G65: 操作=反复震荡链路,反复修改链路权重，反复进行设备掉电，反复进行设备命令复位
B66: 步骤2:物理用例设计
B67: 逻辑用例编号 | C67: 用例标题 | D67: 测试数据 | E67: 预置条件 | F67: 测试步骤 | G67: 预期结果
B68: ipv4.ecmp.reliablity | C68: 验证等价路由${操作}后等价路由转发功能 | D68: 操作=反复震荡链路,反复修改链路权重,反复进行设备掉电,反复进行设备命令复位 | E68: 1、网元正常启动 2、配置默认转发策略为允许 | F68: 1、配置优先级相同的多条静态路由或者默认路由，具有多个下一跳。 2、发送匹该路由，报文内容变化的报文，观察业务转发情况。【check1】 3、${操作}10次以上，观察业务转发。【check1】 | G68: 【check1】业务能够正常进行分担。业务稳定后无丢包
A69: 等价路由性能测试 | B69: 【设计方法】直接设计法
B70: 步骤1:逻辑用例设计
B71: 逻辑用例编号 | C71: 测试用例描述 | F71: 覆盖的测试数据 | G71: 测试数据选取结果
B72: ipv4.ecmp.performance | C72: 验证等价路由链路切换时间 | F72: 不涉及 | G72: 操作=增加链路,减少链路
B73: 步骤2:物理用例设计
B74: 逻辑用例编号 | C74: 用例标题 | D74: 测试数据 | E74: 预置条件 | F74: 测试步骤 | G74: 预期结果
B75: ipv4.ecmp.performance | C75: 验证等价路由链路切换时间 | D75: 操作=增加链路,减少链路 | E75: 1、网元正常启动 2、配置默认转发策略为允许 | F75: 1、配置优先级相同的多条静态路由或者默认路由，具有多个下一跳。 2、发送匹该路由，报文内容变化的报文，观察业务转发情况。【check1】 3、$[操作]，观察业务转发。【check1】 | G75: 【check1】记录链路切换丢包，使用丢包数量/发包速率计算切换时间。并记录切换时间，对比切换时间较上一版本不劣化。

Sheet 用例全集
A1: 一级目录 | B1: 二级目录 | C1: 三级目录 | D1: 四级目录 | E1: 五级目录 | F1: 用例名称* | G1: 用例编号 | H1: 用例ID* | I1: 用例级别* | J1: 组网描述* | K1: 组网约束 | L1: 预置条件 | M1: 测试步骤* | N1: 预期结果* | O1: 适用版本* | P1: 设备类型* | Q1: 单板类型 | R1: 关键词 | S1: 测试类型* | T1: 是否自动化* | U1: 需求编号 | V1: 备注 | AH1: LEVEL0 | AI1: LEVEL1 | AJ1: LEVEL2 | AK1: LEVEL3 | AL1: LEVEL4 | AM1: LEVEL5 | AN1: LEVEL6 | AP1: 配置测试 | AQ1: 功能测试 | AR1: 耦合测试 | AS1: 可靠性测试 | AT1: 性能测试 | AU1: 升级测试
A2: 网络特性
B3: IP单播
C4: IPv4路由
D5: 配置管理
E6: 路由配置
F7: 验证添加静态路由时配置目的网络有效值和无效值测试 | G7: ipv4.static.route.add.ptc0 | H7: 1200101 | I7: LEVEL0 | J7: NE1_link0 | L7: 网元正常启动 | M7: 1、使用/api/v1/route接口添加静态路由时，配置目的网络为0.0.0.0/0，其他参数为任意有效值,查询静态路由【check1】 2、使用/api/v1/route接口添加静态路由时，配置目的网络为223.255.255.255/32，其他参数为任意有效值,查询静态路由【check1】 3、使用/api/v1/route接口添加静态路由时，配置目的网络为[1-126].[0-255].[0-255].[0-255]/[1-31]，其他参数为任意有效值,查询静态路由【check1】 4、使用/api/v1/route接口添加静态路由时，配置目的网络为[128-223).[0-255].[0-255].[0-255]/[1-31]，其他参数为任意有效值,查询静态路由【check1】 5、使用/api/v1/route接口添加静态路由时，配置目的网络为[224-255].[0-255].[0-255].[0-255]/[1-2]，其他参数为任意有效值,查询静态路由【check1】 6、使用/api/v1/route接口添加静态路由时，配置目的网络为127.[0-255].[0-255].[0-255]/[1-7]，其他参数为任意有效值,查询静态路由【check1】 7、添加静态路由时，配置目的网络为224.0.0.0/[3-32]，其他参数为任意有效值,查询静态路由【check2】 8、添加静态路由时，配置目的网络为127.[0-255].[0-255].[0-255]/[8-32]，其他参数为任意有效值,查询静态路由【check2】 9、添加静态路由时，配置目的网络为空，其他参数为任意有效值,查询静态路由【check2】 10、添加静态路由时，配置目的网络为超长字符串，其他参数为任意有效值,查询静态路由【check2】 11、添加静态路由时，配置目的网络为3段点分十进制，其他参数为任意有效值,查询静态路由【check2】 12、添加静态路由时，配置目的网络为5段点分十进制，其他参数为任意有效值,查询静态路由【check2】 13、添加静态路由时，配置目的网络为点分号错误，其他参数为任意有效值,查询静态路由【check2】 14、添加静态路由时，配置目的网络为掩码分隔符错误，其他参数为任意有效值,查询静态路由【check2】 15、添加静态路由时，配置目的网络为16进制IP，其他参数为任意有效值,查询静态路由【check2】 | N7: 【check1】配置成功，使用restful查询静态路由与下发的配置相同。使用etcd查询/vnf-agent/vpp1/config/linux/l3/v2/routes/<dip>/<掩码>/preference/<优先级>，查询的值与配置的值相同 【check2】配置失败，网元无异常。使用etcd查询/vnf-agent/vpp1/config/linux/l3/v2/routes/<dip>/<掩码>/preference/<优先级>，查询添加失败的路由不存在 | O7: NGFW_V60R1C00 | P7: J1900,C236,EP | R7: 预测试 | S7: 配置测试 | T7: 是
F8: 验证添加静态路由时配置下一跳有效值和无效值测试 | G8: ipv4.static.route.add.ptc1 | H8: 1200102 | I8: LEVEL0 | J8: NE1_link0 | L8: 网元正常启动 | M8: 1、使用/api/v1/route接口添加静态路由时，配置下一跳为1.0.0.0，其他参数为任意有效值,查询静态路由【check1】 2、使用/api/v1/route接口添加静态路由时，配置下一跳为223.255.255.255，其他参数为任意有效值,查询静态路由【check1】 3、使用/api/v1/route接口添加静态路由时，配置下一跳为(1-126].[0-255].[0-255].[0-255]，其他参数为任意有效值,查询静态路由【check1】 4、使用/api/v1/route接口添加静态路由时，配置下一跳为[128-223].[0-255].[0-255].[0-255]，其他参数为任意有效值,查询静态路由【check1】 5、添加静态路由时，配置下一跳为0.[0-255].[0-255].[0-255]，其他参数为任意有效值,查询静态路由【check2】 6、添加静态路由时，配置下一跳为224.[0-255].[0-255].[0-255]，其他参数为任意有效值,查询静态路由【check2】 7、添加静态路由时，配置下一跳为空，其他参数为任意有效值,查询静态路由【check2】 8、添加静态路由时，配置下一跳为超长字符串，其他参数为任意有效值,查询静态路由【check2】 9、添加静态路由时，配置下一跳为3段点分十进制，其他参数为任意有效值,查询静态路由【check2】 10、添加静态路由时，配置下一跳为5段点分十进制，其他参数为任意有效值,查询静态路由【check2】 11、添加静态路由时，配置下一跳为点分号非"."，其他参数为任意有效值,查询静态路由【check2】 12、添加静态路由时，配置下一跳为127.[0-255].[0-255].[0-255]，其他参数为任意有效值,查询静态路由【check2】 13、添加静态路由时，配置下一跳为任意接口的IP，其他参数为任意有效值,查询静态路由【check2】 | N8: 【check1】配置成功，使用restful查询静态路由与下发的配置相同。使用etcd查询/vnf-agent/vpp1/config/linux/l3/v2/routes/<dip>/<掩码>/preference/<优先级>，查询的值与配置的值相同 【check2】配置失败，网元无异常。使用etcd查询/vnf-agent/vpp1/config/linux/l3/v2/routes/<dip>/<掩码>/preference/<优先级>，查询添加失败的路由不存在 | O8: NGFW_V60R1C00 | P8: J1900,C236,EP | S8: 配置测试 | T8: 是
F9: 验证添加静态路由时配置权重有效值和无效值测试 | G9: ipv4.static.route.add.ptc2 | H9: 1200103 | I9: LEVEL0 | J9: NE1_link0 | L9: 网元正常启动 | M9: 1、使用/api/v1/route接口添加静态路由时，配置权重为1.0，其他参数为任意有效值,查询静态路由【check1】 2、使用/api/v1/route接口添加静态路由时，配置权重为(0-255)间任意值，其他参数为任意有效值,查询静态路由【check1】 3、使用/api/v1/route接口添加静态路由时，配置权重为255.0，其他参数为任意有效值,查询静态路由【check1】 4、使用/api/v1/route接口添加静态路由时，配置权重为空，其他参数为任意有效值,查询静态路由【check1】 5、添加静态路由时，配置权重为0.0，其他参数为任意有效值,查询静态路由【check2】 6、添加静态路由时，配置权重为256.0，其他参数为任意有效值,查询静态路由【check2】 7、添加静态路由时，配置权重为字符串，其他参数为任意有效值,查询静态路由【check2】 8、添加静态路由时，配置权重为超长字符串，其他参数为任意有效值,查询静态路由【check2】 | N9: 【check1】配置成功，使用restful查询静态路由与下发的配置相同。使用etcd查询/vnf-agent/vpp1/config/linux/l3/v2/routes/<dip>/<掩码>/preference/<优先级>，查询的值与配置的值相同 【check2】配置失败，网元无异常。使用etcd查询/vnf-agent/vpp1/config/linux/l3/v2/routes/<dip>/<掩码>/preference/<优先级>，查询添加失败的路由不存在 | O9: NGFW_V60R1C00 | P9: J1900,C236,EP | S9: 配置测试 | T9: 是
F10: 验证添加静态路由时配置优先级有效值和无效值测试 | G10: ipv4.static.route.add.ptc3 | H10: 1200104 | I10: LEVEL0 | J10: NE1_link0 | L10: 网元正常启动 | M10: 1、使用/api/v1/route接口添加静态路由时，配置优先级为1.0，其他参数为任意有效值,查询静态路由【check1】 2、使用/api/v1/route接口添加静态路由时，配置优先级为(1-255)间任意值，其他参数为任意有效值,查询静态路由【check1】 3、使用/api/v1/route接口添加静态路由时，配置优先级为255.0，其他参数为任意有效值,查询静态路由【check1】 4、使用/api/v1/route接口添加静态路由时，配置优先级为空，其他参数为任意有效值,查询静态路由【check1】 5、添加静态路由时，配置优先级为0.0，其他参数为任意有效值,查询静态路由【check2】 6、添加静态路由时，配置优先级为256.0，其他参数为任意有效值,查询静态路由【check2】 7、添加静态路由时，配置优先级为字符串，其他参数为任意有效值,查询静态路由【check2】 8、添加静态路由时，配置优先级为超长字符串，其他参数为任意有效值,查询静态路由【check2】 | N10: 【check1】配置成功，使用restful查询静态路由与下发的配置相同。使用etcd查询/vnf-agent/vpp1/config/linux/l3/v2/routes/<dip>/<掩码>/preference/<优先级>，查询的值与配置的值相同 【check2】配置失败，网元无异常。使用etcd查询/vnf-agent/vpp1/config/linux/l3/v2/routes/<dip>/<掩码>/preference/<优先级>，查询添加失败的路由不存在 | O10: NGFW_V60R1C00 | P10: J1900,C236,EP | S10: 配置测试 | T10: 是
F11: 验证添加静态路由唯一性测试 | G11: ipv4.static.route.add.unique.ptc0 | H11: 1200105 | I11: LEVEL0 | J11: NE1_link0 | L11: 网元正常启动 | M11: 1、添加静态路由，目的网络地址掩码长度相同，下一跳不相同【check1】 2、添加静态路由，目的网络地址掩码长度相同，下一跳相同【check2】 3、添加静态路由，目的网络地址相同，掩码长度不相同，下一跳相同【check1】 | N11: 【check1】配置成功，使用restful查询静态路由与下发的配置相同。使用etcd查询/vnf-agent/vpp1/config/linux/l3/v2/routes/<dip>/<掩码>/preference/<优先级>，查询的值与配置的值相同 【check2】配置失败。使用etcd查询/vnf-agent/vpp1/config/linux/l3/v2/routes/<dip>/<掩码>/preference/<优先级>，查询添加失败的路由不存在 | O11: NGFW_V60R1C00 | P11: J1900,C236,EP | S11: 配置测试 | T11: 是
F12: 验证修改静态路由时配置下一跳有效值和无效值测试 | G12: ipv4.static.route.modify.ptc0 | H12: 1200106 | I12: LEVEL0 | J12: NE1_link0 | L12: 网元正常启动 | M12: 1、添加一条静态路由，并获取路由ID 2、使用/api/v1/route修改该静态路由时，配置下一跳为1.0.0.0,其他参数为任意有效值查询静态路由【check1】 3、使用/api/v1/route修改该静态路由时，配置下一跳为223.255.255.255,其他参数为任意有效值查询静态路由【check1】 4、使用/api/v1/route修改该静态路由时，配置下一跳为(1-126].[0-255].[0-255].[0-255],其他参数为任意有效值查询静态路由【check1】 5、使用/api/v1/route修改该静态路由时，配置下一跳为[128-223].[0-255].[0-255].[0-255],其他参数为任意有效值查询静态路由【check1】 6、修改该静态路由时，配置下一跳为0.[0-255].[0-255].[0-255],其他参数为任意有效值查询静态路由【check2】 7、修改该静态路由时，配置下一跳为224.[0-255].[0-255].[0-255],其他参数为任意有效值查询静态路由【check2】 8、修改该静态路由时，配置下一跳为空,其他参数为任意有效值查询静态路由【check2】 9、修改该静态路由时，配置下一跳为超长字符串,其他参数为任意有效值查询静态路由【check2】 10、修改该静态路由时，配置下一跳为3段点分十进制,其他参数为任意有效值查询静态路由【check2】 11、修改该静态路由时，配置下一跳为5段点分十进制,其他参数为任意有效值查询静态路由【check2】 12、修改该静态路由时，配置下一跳为点分号非".",其他参数为任意有效值查询静态路由【check2】 13、修改该静态路由时，配置下一跳为127.[0-255].[0-255].[0-255],其他参数为任意有效值查询静态路由【check2】 14、修改该静态路由时，配置下一跳为任意接口的IP,其他参数为任意有效值查询静态路由【check2】 | N12: 【check1】配置成功，使用restful查询静态路由与下发的配置相同。使用etcd查询/vnf-agent/vpp1/config/linux/l3/v2/routes/<dip>/<掩码>/preference/<优先级>，查询的值与配置的值相同 【check2】配置失败，网元无异常。使用etcd查询/vnf-agent/vpp1/config/linux/l3/v2/routes/<dip>/<掩码>/preference/<优先级>，查询添加失败的路由不存在 | O12: NGFW_V60R1C00 | P12: J1900,C236,EP | S12: 配置测试 | T12: 是
F13: 验证修改静态路由时配置权重有效值和无效值测试 | G13: ipv4.static.route.modify.ptc1 | H13: 1200107 | I13: LEVEL0 | J13: NE1_link0 | L13: 网元正常启动 | M13: 1、添加一条静态路由，并获取路由ID 2、使用/api/v1/route修改该静态路由时，配置权重为1.0,其他参数为任意有效值查询静态路由【check1】 3、使用/api/v1/route修改该静态路由时，配置权重为(0-255)间任意值,其他参数为任意有效值查询静态路由【check1】 4、使用/api/v1/route修改该静态路由时，配置权重为255.0,其他参数为任意有效值查询静态路由【check1】 5、使用/api/v1/route修改该静态路由时，配置权重为空,其他参数为任意有效值查询静态路由【check1】 6、修改该静态路由时，配置权重为0.0,其他参数为任意有效值查询静态路由【check2】 7、修改该静态路由时，配置权重为256.0,其他参数为任意有效值查询静态路由【check2】 8、修改该静态路由时，配置权重为字符串,其他参数为任意有效值查询静态路由【check2】 9、修改该静态路由时，配置权重为超长字符串,其他参数为任意有效值查询静态路由【check2】 | N13: 【check1】配置成功，使用restful查询静态路由与下发的配置相同。使用etcd查询/vnf-agent/vpp1/config/linux/l3/v2/routes/<dip>/<掩码>/preference/<优先级>，查询的值与配置的值相同 【check2】配置失败，网元无异常。使用etcd查询/vnf-agent/vpp1/config/linux/l3/v2/routes/<dip>/<掩码>/preference/<优先级>，查询添加失败的路由不存在 | O13: NGFW_V60R1C00 | P13: J1900,C236,EP | S13: 配置测试 | T13: 是
F14: 验证修改静态路由时配置优先级有效值和无效值测试 | G14: ipv4.static.route.modify.ptc2 | H14: 1200108 | I14: LEVEL0 | J14: NE1_link0 | L14: 网元正常启动 | M14: 1、添加一条静态路由，并获取路由ID 2、使用/api/v1/route修改该静态路由时，配置优先级为1.0,其他参数为任意有效值查询静态路由【check1】 3、使用/api/v1/route修改该静态路由时，配置优先级为(1-255)间任意值,其他参数为任意有效值查询静态路由【check1】 4、使用/api/v1/route修改该静态路由时，配置优先级为255.0,其他参数为任意有效值查询静态路由【check1】 5、使用/api/v1/route修改该静态路由时，配置优先级为空,其他参数为任意有效值查询静态路由【check1】 6、修改该静态路由时，配置优先级为0.0,其他参数为任意有效值查询静态路由【check2】 7、修改该静态路由时，配置优先级为256.0,其他参数为任意有效值查询静态路由【check2】 8、修改该静态路由时，配置优先级为字符串,其他参数为任意有效值查询静态路由【check2】 9、修改该静态路由时，配置优先级为超长字符串,其他参数为任意有效值查询静态路由【check2】 | N14: 【check1】配置成功，使用restful查询静态路由与下发的配置相同。使用etcd查询/vnf-agent/vpp1/config/linux/l3/v2/routes/<dip>/<掩码>/preference/<优先级>，查询的值与配置的值相同 【check2】配置失败，网元无异常。使用etcd查询/vnf-agent/vpp1/config/linux/l3/v2/routes/<dip>/<掩码>/preference/<优先级>，查询添加失败的路由不存在 | O14: NGFW_V60R1C00 | P14: J1900,C236,EP | S14: 配置测试 | T14: 是
F15: 验证修改静态路由不支持修改的字段测试 | G15: ipv4.static.route.invalid.modify.ptc0 | H15: 1200109 | I15: LEVEL0 | J15: NE1_link0 | L15: 网元正常启动 | M15: 1、添加一条静态路由，并获取路由ID 2、使用/api/v1/route修改该静态路由的目的IP，观察路由【check1】 3、使用/api/v1/route修改该静态路由的掩码长度，观察路由【check1】 4、使用/api/v1/route修改路由时使用不存在的路由ID【check2】 | N15: 【check1】配置失败，提示信息正确，使用restful查询静态路由与下发的配置相同。使用etcd查询/vnf-agent/vpp1/config/linux/l3/v2/routes/<dip>/<掩码>/preference/<优先级>，查询的值与配置的值相同 【check2】配置失败，提示信息正确。 | O15: NGFW_V60R1C00 | P15: J1900,C236,EP | S15: 配置测试 | T15: 是
F16: 验证查询静态路由分页查询功能 | G16: ipv4.static.route.query.page.ptc0 | H16: 1200110 | I16: LEVEL0 | J16: NE1_link0 | L16: 网元正常启动 | M16: 1、选取任意有效的分页size为s，网元中不存在任何静态路由时使用接口/api/v1/route?page=1&size=<s>&is_ip6=false查询静态路由。【check1】 2、配置1条静态路由后使用restful查询接口查询静态路由。【check2】 3、添加至少2倍s条静态路由，使用查询接口查询第一页（page=1）静态路由。【check3】 4、使用静态路由查询接口查询最后一页静态路由。【check4】 5、使用静态路由查询接口查询中间任意页静态路由。【check3】 | N16: 【check1】返回值为空 【check2】查询结果与配置的值相同 【check3】返回s条静态路由，路由信息正确 【check4】返回路由条数为配置的路由条数除以s所得的余数，路由信息正确 | O16: NGFW_V60R1C00 | P16: J1900,C236,EP | S16: 配置测试 | T16: 是
F17: 验证查询静态路由分页大小典型值测试 | G17: ipv4.static.route.query.size.ptc0 | H17: 1200111 | I17: LEVEL0 | J17: NE1_link0 | L17: 网元正常启动 | M17: 1、配置大于40条静态路由 2、使用静态路由典型分页值10查询静态路由1到4页任意值的静态路由/api/v1/route?page=[1-4]&size=10&is_ip6=false查询静态路由。【check1】 3、使用静态路由典型分页值20查询静态路由1到2页任意值的静态路由。【check2】 4、使用静态路由典型分页值30查询静态路由1页任意值的静态路由。【check2】 5、使用静态路由典型分页值40查询静态路由1页任意值的静态路由。【check2】 | N17: 【check1】返回路由的条数与分页size相同，且信息正确 【check2】返回所有的路由，且信息正确 | O17: NGFW_V60R1C00 | P17: J1900,C236,EP | S17: 配置测试 | T17: 是
F18: 验证查询静态路由页数和分页大小异常值 | G18: ipv4.static.route.query.abnormal.ptc0 | H18: 1200112 | I18: LEVEL0 | J18: NE1_link0 | L18: 网元正常启动 | M18: 1、配置任意条数的静态路由 2、使用静态路由查询接口查询0页分页大小为0的静态路由。/api/v1/route?page=0&size=0&is_ip6=false.【check1】 3、查询静态路由page为最大值，size为最大值的。【check2】 4、查询静态路由page大于最大值【check2】 5、查询静态路由size大于最大值【check2】 6、查询静态路由page和size均为异常字符串【check2】 | N18: 【check1】返回所有的路由，且信息正确 【check2】返回当前路由条数，条数正确 【check3】返回第一页的静态路由信息 | O18: NGFW_V60R1C00 | P18: J1900,C236,EP | S18: 配置测试 | T18: 是
F19: 验证静态路由删除和批量删除功能 | G19: ipv4.static.route.delete.ptc0 | H19: 1200113 | I19: LEVEL0 | J19: NE1_link0 | L19: 网元正常启动 | M19: 1、配置大于40条静态路由 2、使用静态路由典型分页值10查询静态路由1到4页任意值的静态路由/api/v1/route?page=[1-4]&size=10&is_ip6=false查询静态路由。【check1】 3、使用静态路由典型分页值20查询静态路由1到2页任意值的+F96静态路由。【check2】 4、使用静态路由典型分页值30查询静态路由1页任意值的静态路由。【check2】 5、使用静态路由典型分页值40查询静态路由1页任意值的静态路由。【check2】 | N19: 【check1】删除成功，静态路由配置表中配置被删除。 【check2】使用restful查询路由，对应的路由不存在 【check3】使用etcd查询路由，路由被删除 【check4】删除失败，提示信息正确。查询静态路由表与删除前完全一致（无路由备误删）。 【check5】返回删除失败，其中有效的ID被删除。查看静态路由配置中不包含在有效ID中的路由不会被删除 | O19: NGFW_V60R1C00 | P19: J1900,C236,EP | S19: 配置测试 | T19: 是
... F22: 验证配置静态路由默认值 | G22: ipv4.static.route.default.ptc0 | H22: 1200116 | I22: LEVEL0 | J22: NE1_link0 | L22: 1、网元正常启动 | M22: 1、添加静态路由，权重和优先级为空。 2、检查静态路由表，查看权重和优先级。【check1】【check2】 3、配置接口IP地址。查看直连路由。【check3】 | N22: 【check1】权重默认值为1(当前存在问题)。etcd查看路由的权重默认值为1 【check2】优先级默认值为60(参考华为实现)。etcd查看路由的优先级默认值为60 【check3】直连路由默认优先级为0，cost为0。etcd查看路由的优先级默认值为0，权重默认值为1 | O22: NGFW_V60R1C00 | P22: J1900,C236,EP | S22: 配置测试 | T22: 是
D23: 路由维护
E24: 静态路由
F25: 添加静态路由匹配物理接口状态为UP时直接生成路由转发表 | G25: ipv4.static.fib.add.p1.ptc0 | H25: 1201101 | I25: LEVEL2 | J25: NE1_ins | L25: 网元正常启动 | M25: 1、配置物理接口的IP地址与下一跳同网段，该接口的状态为UP 2、添加静态路由，目的网段为0.0.0.0/0，权重为0，优先级为1，下一跳为与1.0.0.0【check1】 3、查看路由转发表【check2】 | N25: 【check1】配置成功 【check2】路由转发表生成该路由 | O25: NGFW_V60R1C00 | P25: J1900,C236,EP | R25: 预测试 | S25: 功能测试 | T25: 是
F26: 添加静态路由匹配BVI接口状态为UP时直接生成路由转发表 | G26: ipv4.static.fib.add.p1.ptc1 | H26: 1201102 | I26: LEVEL2 | J26: NE1_ins | L26: 网元正常启动 | M26: 1、配置BVI接口的IP地址与下一跳同网段，该接口的状态为UP 2、添加静态路由，目的网段为,[1-126].[0-255].[0-255].[0-255]/[1-31]，权重为255，优先级为255，下一跳为与223.255.255.255【check1】 3、查看路由转发表【check2】 | N26: 【check1】配置成功 【check2】路由转发表生成该路由 | O26: NGFW_V60R1C00 | P26: J1900,C236,EP | S26: 功能测试 | T26: 是
F27: 添加静态路由再修改状态为UP的聚合接口IP匹配静态路由后生成路由转发表 | G27: ipv4.static.fib.add.p2.ptc0 | H27: 1201103 | I27: LEVEL2 | J27: NE1_ins | L27: 网元正常启动 | M27: 1、添加静态路由，目的网段为223.255.255.255/32，权重为(0-255)间任意值，优先级为(1-255)间任意值，下一跳为与(1-126].[0-255].[0-255].[0-255]【check1】 2、配置状态为UP的聚合接口的IP地址与静态路由下一跳在相同网段【check1】 3、查看路由转发表【check2】 | N27: 【check1】配置成功 【check2】路由转发表生成该路由 | O27: NGFW_V60R1C00 | P27: J1900,C236,EP | S27: 功能测试 | T27: 是
F28: 添加静态路由再修改状态为UP的L3子接口IP匹配静态路由后生成路由转发表 | G28: ipv4.static.fib.add.p2.ptc1 | H28: 1201104 | I28: LEVEL2 | J28: NE1_ins | L28: 网元正常启动 | M28: 1、添加静态路由，目的网段为[128-223).[0-255].[0-255].[0-255]/[1-31]，权重为空，优先级为空，下一跳为与[128-223].[0-255].[0-255].[0-255]【check1】 2、配置状态为UP的L3子接口的IP地址与静态路由下一跳在相同网段【check1】 3、查看路由转发表【check2】 | N28: 【check1】配置成功 【check2】路由转发表生成该路由 | O28: NGFW_V60R1C00 | P28: J1900,C236,EP | S28: 功能测试 | T28: 是
F29: 添加静态路由匹配物理接口状态由Down到UP后生成路由转发表 | G29: ipv4.static.fib.add.p3.ptc0 | H29: 1201105 | I29: LEVEL2 | J29: NE1_ins | L29: 网元正常启动 | M29: 1、配置物理接口的IP地址与下一跳同网段，该接口的状态为Down 2、添加静态路由，目的网段为0.0.0.0/0，权重为0，优先级为1，下一跳为与1.0.0.0【check1】 3、查看路由转发表【check2】 4、构造接口状态为UP，查看路由转发表【check3】 | N29: 【check1】配置成功 【check2】路由转发表中不生成该路由 【check3】路由转发表生成该路由 | O29: NGFW_V60R1C00 | P29: J1900,C236,EP | S29: 功能测试 | T29: 是
F30: 添加静态路由匹配聚合接口状态由Down到UP后生成路由转发表 | G30: ipv4.static.fib.add.p3.ptc1 | H30: 1201106 | I30: LEVEL2 | J30: NE1_ins | L30: 网元正常启动 | M30: 1、配置聚合接口的IP地址与下一跳同网段，该接口的状态为Down 2、添加静态路由，目的网段为,[1-126].[0-255].[0-255].[0-255]/[1-31]，权重为255，优先级为255，下一跳为与223.255.255.255【check1】 3、查看路由转发表【check2】 4、构造接口状态为UP，查看路由转发表【check3】 | N30: 【check1】配置成功 【check2】路由转发表中不生成该路由 【check3】路由转发表生成该路由 | O30: NGFW_V60R1C00 | P30: J1900,C236,EP | S30: 功能测试 | T30: 是
F31: 添加静态路由再修改BVI接口IP匹配静态路由后状态由Down到UP后生成转发表 | G31: ipv4.static.fib.add.p4.ptc0 | H31: 1201107 | I31: LEVEL2 | J31: NE1_ins | L31: 网元正常启动 | M31: 1、添加静态路由，目的网段为223.255.255.255/32，权重为(0-255)间任意值，优先级为(1-255)间任意值，下一跳为与(1-126].[0-255].[0-255].[0-255]【check1】 2、配置状态为Down的BVI接口的IP地址与静态路由下一跳在相同网段【check1】 3、查看路由转发表【check2】 4、构造接口状态为UP，查看路由转发表【check3】 | N31: 【check1】配置成功 【check2】路由转发表中不生成该路由 【check3】路由转发表生成该路由 | O31: NGFW_V60R1C00 | P31: J1900,C236,EP | S31: 功能测试 | T31: 是
F32: 添加静态路由再修改L3子接口IP匹配静态路由后状态由Down到UP后生成转发表 | G32: ipv4.static.fib.add.p4.ptc1 | H32: 1201108 | I32: LEVEL2 | J32: NE1_ins | L32: 网元正常启动 | M32: 1、添加静态路由，目的网段为[128-223).[0-255].[0-255].[0-255]/[1-31]，权重为空，优先级为空，下一跳为与[128-223].[0-255].[0-255].[0-255]【check1】 2、配置状态为Down的L3子接口的IP地址与静态路由下一跳在相同网段【check1】 3、查看路由转发表【check2】 4、构造接口状态为UP，查看路由转发表【check3】 | N32: 【check1】配置成功 【check2】路由转发表中不生成该路由 【check3】路由转发表生成该路由 | O32: NGFW_V60R1C00 | P32: J1900,C236,EP | S32: 功能测试 | T32: 是
F33: 验证修改静态路由下一跳与所有接口IP不在相同网段后静态路由失效 | G33: ipv4.static.fib.delete.0 | H33: 1201109 | I33: LEVEL2 | J33: NE1_ins | L33: 网元正常启动 | M33: 1、配置物理接口或聚合口或者BVI接口或者L3子接口的IP地址 2、配置静态路由的下一跳与该IP地址在相同网段。【check1】 3、修改静态路由下一跳与所有接口IP不在相同网段后观察路由转发表【check2】 | N33: 【check1】配置成功，路由转发表中生成该路由 【check2】路由转发表中该路由消失 | O33: NGFW_V60R1C00 | P33: J1900,C236,EP | S33: 功能测试 | T33: 是
F34: 验证修改接口IP与静态路由不在相同网段后静态路由失效 | G34: ipv4.static.fib.delete.1 | H34: 1201110 | I34: LEVEL2 | J34: NE1_ins | L34: 网元正常启动 | M34: 1、配置物理接口或聚合口或者BVI接口或者L3子接口的IP地址 2、配置静态路由的下一跳与该IP地址在相同网段。【check1】 3、修改接口IP与静态路由不在相同网段后观察路由转发表【check2】 | N34: 【check1】配置成功，路由转发表中生成该路由 【check2】路由转发表中该路由消失 | O34: NGFW_V60R1C00 | P34: J1900,C236,EP | S34: 功能测试 | T34: 是
F35: 验证禁用路由出接口后静态路由失效 | G35: ipv4.static.fib.delete.2 | H35: 1201111 | I35: LEVEL2 | J35: NE1_ins | L35: 网元正常启动 | M35: 1、配置物理接口或聚合口或者BVI接口或者L3子接口的IP地址 2、配置静态路由的下一跳与该IP地址在相同网段。【check1】 3、禁用路由出接口后观察路由转发表【check2】 | N35: 【check1】配置成功，路由转发表中生成该路由 【check2】路由转发表中该路由消失 | O35: NGFW_V60R1C00 | P35: J1900,C236,EP | S35: 功能测试 | T35: 是
F36: 验证拔掉路由出接口网线后静态路由失效 | G36: ipv4.static.fib.delete.3 | H36: 1201112 | I36: LEVEL2 | J36: NE1_ins | L36: 网元正常启动 | M36: 1、配置物理接口或聚合口或者BVI接口或者L3子接口的IP地址 2、配置静态路由的下一跳与该IP地址在相同网段。【check1】 3、拔掉路由出接口网线后观察路由转发表【check2】 | N36: 【check1】配置成功，路由转发表中生成该路由 【check2】路由转发表中该路由消失 | O36: NGFW_V60R1C00 | P36: J1900,C236,EP | S36: 功能测试 | T36: 是
F37: 验证删除静态路由后静态路由失效 | G37: ipv4.static.fib.delete.4 | H37: 1201113 | I37: LEVEL2 | J37: NE1_ins | L37: 网元正常启动 | M37: 1、配置物理接口或聚合口或者BVI接口或者L3子接口的IP地址 2、配置静态路由的下一跳与该IP地址在相同网段。【check1】 3、删除静态路由后观察路由转发表【check2】 | N37: 【check1】配置成功，路由转发表中生成该路由 【check2】路由转发表中该路由消失 | O37: NGFW_V60R1C00 | P37: J1900,C236,EP | S37: 功能测试 | T37: 是
... F52: 验证配置静态路由存库功能 | G52: ipv4.static.cfg.recover.ptc0 | H52: 1201128 | I52: LEVEL4 | J52: NE1_link4_ins | L52: 1、网元正常启动 | M52: 1、添加,修改,删除静态路由后，快速掉电设备。设备重启后，查看配置和路由表【check1】 | N52: 【check1】配置与掉电前相同，路由转发表表项正确。 | O52: NGFW_V60R1C00 | P52: J1900,C236,EP | S52: 可靠性测试 | T52: 否
E53: 直连路由
F54: 验证物理接口的IP地址生成直连路由功能 | G54: ipv4.direct.route.fib.ptc0 | H54: 1201201 | I54: LEVEL2 | J54: NE1_ins | L54: 网元正常启动 | M54: 1、配置物理接口为路由模式 2、配置接口的IP地址为128.0.0.1/2，并观察路由转发表【check1】 3、配置接口的IP地址为首段为(1~126]的任意有效值，并观察路由转发表【check1】 4、构造接口状态为Down，观察路由转发表【check2】 | N54: 【check1】配置成功，路由转发表中生成接口IP所在网段的直连路由 【check2】接口IP生成的直连路由消失 | O54: NGFW_V60R1C00 | P54: J1900,C236,EP | R54: 预测试 | S54: 功能测试 | T54: 是
F55: 验证聚合接口的IP地址生成直连路由功能 | G55: ipv4.direct.route.fib.ptc1 | H55: 1201202 | I55: LEVEL2 | J55: NE1_link4_ins | L55: 网元正常启动 | M55: 1、配置聚合接口为路由模式 2、配置接口的IP地址为233.255.255.254/30，并观察路由转发表【check1】 3、构造接口状态为Down，观察路由转发表【check2】 | N55: 【check1】配置成功，路由转发表中生成接口IP所在网段的直连路由 【check2】接口IP生成的直连路由消失 | O55: NGFW_V60R1C00 | P55: J1900,C236,EP | S55: 功能测试 | T55: 是
F56: 验证L3子接口的IP地址生成直连路由功能 | G56: ipv4.direct.route.fib.ptc2 | H56: 1201203 | I56: LEVEL2 | J56: NE1_ins | L56: 网元正常启动 | M56: 1、配置L3子接口为路由模式 2、配置接口的IP地址为1.0.0.1/30，并观察路由转发表【check1】 3、构造接口状态为Down，观察路由转发表【check2】 | N56: 【check1】配置成功，路由转发表中生成接口IP所在网段的直连路由 【check2】接口IP生成的直连路由消失 | O56: NGFW_V60R1C00 | P56: J1900,C236,EP | S56: 功能测试 | T56: 是
F57: 验证BVI接口的IP地址生成直连路由功能 | G57: ipv4.direct.route.fib.ptc3 | H57: 1201204 | I57: LEVEL2 | J57: NE1_link4_ins | L57: 网元正常启动 | M57: 1、配置BVI接口为路由模式 2、配置接口的IP地址为首段为[128-223)的任意有效值，并观察路由转发表【check1】 3、构造接口状态为Down，观察路由转发表【check2】 | N57: 【check1】配置成功，路由转发表中生成接口IP所在网段的直连路由 【check2】接口IP生成的直连路由消失 | O57: NGFW_V60R1C00 | P57: J1900,C236,EP | S57: 功能测试 | T57: 是
F58: 验证接口多IP均能生成直连路由 | G58: ipv4.direct.route.fib.mulip.ptc0 | H58: 1201205 | I58: LEVEL3 | J58: NE1_ins | L58: 网元正常启动 | M58: 1、配置物理接口、聚合接口、L3子接口或者BVI接口为路由模式 2、在接口上配置至少10个IP地址，观察路由转发表【check1】 3、接口上删除部分IP地址，观察路由转发表【check2】 4、构造接口状态为Down，观察路由转发表【check3】 | N58: 【check1】接口上所有的IP地址均生成直连路由 【check2】删除的IP地址对应的直连路由消失 【check3】路由转发表中接口IP对应的直连路由全部消失 | O58: NGFW_V60R1C00 | P58: J1900,C236,EP | S58: 功能测试 | T58: 是
F59: 验证聚合接口成员接口状态变化对直连路由的影响 | G59: ipv4.direct.route.fib.member.0 | H59: 1201206 | I59: LEVEL5 | J59: NE1_link4_ins | L59: 网元正常启动 | M59: 1、在设备上配置聚合接口 2、配置聚合接口的IP地址，观察路由转发表【check1】 3、构造聚合接口的部分成员口接口Down，观察路由转发表。【check1】 4、构造聚合接口的全部成员口接口Down，观察路由转发表【check2】 5、构造{接口类型}的部分成员接口状态为Up，观察路由转发表【check1】 | N59: 【check1】接口的IP地址生成直连路由 【check2】删除的IP地址对应的直连路由消失 【check3】路由转发表中接口IP对应的直连路由全部消失 | O59: NGFW_V60R1C00 | P59: J1900,C236,EP | S59: 耦合测试 | T59: 否
F60: 验证BVI接口成员接口状态变化对直连路由的影响 | G60: ipv4.direct.route.fib.member.1 | H60: 1201207 | I60: LEVEL5 | J60: NE1_link4_ins | L60: 网元正常启动 | M60: 1、在设备上配置BVI接口 2、配置BVI接口的IP地址，观察路由转发表【check1】 3、构造BVI接口的部分成员口接口Down，观察路由转发表。【check1】 4、构造BVI接口的全部成员口接口Down，观察路由转发表【check2】 5、构造{接口类型}的部分成员接口状态为Up，观察路由转发表【check1】 | N60: 【check1】接口的IP地址生成直连路由 【check2】删除的IP地址对应的直连路由消失 【check3】路由转发表中接口IP对应的直连路由全部消失 | O60: NGFW_V60R1C00 | P60: J1900,C236,EP | S60: 耦合测试 | T60: 否
F61: 验证逻辑接口接口增删对直连路由的影响 | G61: ipv4.direct.route.fib.logic.intf.ptc0 | H61: 1201208 | I61: LEVEL5 | J61: NE1_link4_ins | L61: 网元正常启动 | M61: 1、在设备上配置聚合接口,BVI接口,L3子接口 2、配置接口的IP地址，观察路由转发表【check1】 3、删除该逻辑接口，观察路由转发表【check2】 | N61: 【check1】接口的IP地址生成直连路由 【check2】路由转发表中该逻辑接口生成的直连路由消失 | O61: NGFW_V60R1C00 | P61: J1900,C236,EP | S61: 耦合测试 | T61: 否
D62: 业务转发
E63: 路由转发
F64: 验证出接口为物理接口的静态路由转发功能 | G64: ipv4.fwd.static.ptc0 | H64: 1202101 | I64: LEVEL2 | J64: NE1_ins | L64: 1、网元正常启动 2、配置默认转发策略为允许 | M64: 1、配置静态IP目的网段为0.0.0.0/0，下一跳为1.0.0.0【check1】 2、配置物理接口与静态路由的下一跳在相同网段。保证下一跳能学习到ARP或者配置静态ARP 3、配置另外一个物理接口为路由模式，并配置IP地址，向设备发送DMAC为该接口MAC地址，DIP匹配静态路由的报文。【check2】 4、向设备发送DMAC不为该接口MAC地址，DIP匹配静态路由的报文。【check3】 | N64: 【check1】配置成功，路由转发表中生成接口IP所在网段的直连路由 【check2】报文从静态路由的出接口转发，无丢包 【check3】报文全部丢弃 | O64: NGFW_V60R1C00 | P64: J1900,C236,EP | R64: 预测试 | S64: 功能测试 | T64: 是
F65: 验证出接口为聚合接口的静态路由转发功能 | G65: ipv4.fwd.static.ptc1 | H65: 1202102 | I65: LEVEL2 | J65: NE1_link4_ins | L65: 1、网元正常启动 2、配置默认转发策略为允许 | M65: 1、配置静态IP目的网段为,[1-126].[0-255].[0-255].[0-255]/[1-31]，下一跳为223.255.255.255【check1】 2、配置聚合接口与静态路由的下一跳在相同网段。保证下一跳能学习到ARP或者配置静态ARP 3、配置另外一个聚合接口为路由模式，并配置IP地址，向设备发送DMAC为该接口MAC地址，DIP匹配静态路由的报文。【check2】 4、向设备发送DMAC不为该接口MAC地址，DIP匹配静态路由的报文。【check3】 | N65: 【check1】配置成功，路由转发表中生成接口IP所在网段的直连路由 【check2】报文从静态路由的出接口转发，无丢包 【check3】报文全部丢弃 | O65: NGFW_V60R1C00 | P65: J1900,C236,EP | S65: 功能测试 | T65: 是
F66: 验证出接口为BVI接口的静态路由转发功能 | G66: ipv4.fwd.static.ptc2 | H66: 1202103 | I66: LEVEL2 | J66: NE1_link4_ins | L66: 1、网元正常启动 2、配置默认转发策略为允许 | M66: 1、配置静态IP目的网段为223.255.255.255/32，下一跳为(1-126].[0-255].[0-255].[0-255]【check1】 2、配置BVI接口与静态路由的下一跳在相同网段。保证下一跳能学习到ARP或者配置静态ARP 3、配置另外一个BVI接口为路由模式，并配置IP地址，向设备发送DMAC为该接口MAC地址，DIP匹配静态路由的报文。【check2】 4、向设备发送DMAC不为该接口MAC地址，DIP匹配静态路由的报文。【check3】 | N66: 【check1】配置成功，路由转发表中生成接口IP所在网段的直连路由 【check2】报文从静态路由的出接口转发，无丢包 【check3】报文全部丢弃 | O66: NGFW_V60R1C00 | P66: J1900,C236,EP | S66: 功能测试 | T66: 是
F67: 验证出接口为L3子接口的静态路由转发功能 | G67: ipv4.fwd.static.ptc3 | H67: 1202104 | I67: LEVEL2 | J67: NE1_ins | L67: 1、网元正常启动 2、配置默认转发策略为允许 | M67: 1、配置静态IP目的网段为[128-223).[0-255].[0-255].[0-255]/[1-31]，下一跳为[128-223].[0-255].[0-255].[0-255]【check1】 2、配置L3子接口与静态路由的下一跳在相同网段。保证下一跳能学习到ARP或者配置静态ARP 3、配置另外一个L3子接口为路由模式，并配置IP地址，向设备发送DMAC为该接口MAC地址，DIP匹配静态路由的报文。【check2】 4、向设备发送DMAC不为该接口MAC地址，DIP匹配静态路由的报文。【check3】 | N67: 【check1】配置成功，路由转发表中生成接口IP所在网段的直连路由 【check2】报文从静态路由的出接口转发，无丢包 【check3】报文全部丢弃 | O67: NGFW_V60R1C00 | P67: J1900,C236,EP | S67: 功能测试 | T67: 是
F68: 验证出接口为物理接口的直连路由转发功能 | G68: ipv4.fwd.direct.ptc0 | H68: 1202105 | I68: LEVEL2 | J68: NE1_ins | L68: 1、网元正常启动 2、配置默认转发策略为允许 | M68: 1、配置物理接口的IP地址为233.255.255.254/30 2、选取接口IP相同网段的任意IP。保证该IP地址能学习到ARP或者配置静态ARP 3、配置另外一个物理接口为路由模式，并配置IP地址，向该接口发送DMAC为该接口MAC地址，DIP匹配静态路由的报文。【check1】 4、向该接口发送DMAC不为该接口MAC地址，DIP匹配静态路由的报文。【check2】 | N68: 【check1】报文从直连路由的出接口转发，无丢包 【check2】报文全部丢弃 | O68: NGFW_V60R1C00 | P68: J1900,C236,EP | S68: 功能测试 | T68: 是
F69: 验证出接口为聚合接口的直连路由转发功能 | G69: ipv4.fwd.direct.ptc1 | H69: 1202106 | I69: LEVEL2 | J69: NE1_link4_ins | L69: 1、网元正常启动 2、配置默认转发策略为允许 | M69: 1、配置聚合接口的IP地址为128.0.0.1/2,首段为(1~126]的任意有效值 2、选取接口IP相同网段的任意IP。保证该IP地址能学习到ARP或者配置静态ARP 3、配置另外一个聚合接口为路由模式，并配置IP地址，向该接口发送DMAC为该接口MAC地址，DIP匹配静态路由的报文。【check1】 4、向该接口发送DMAC不为该接口MAC地址，DIP匹配静态路由的报文。【check2】 | N69: 【check1】报文从直连路由的出接口转发，无丢包 【check2】报文全部丢弃 | O69: NGFW_V60R1C00 | P69: J1900,C236,EP | S69: 功能测试 | T69: 是
F70: 验证出接口为L3子接口的直连路由转发功能 | G70: ipv4.fwd.direct.ptc2 | H70: 1202107 | I70: LEVEL2 | J70: NE1_ins | L70: 1、网元正常启动 2、配置默认转发策略为允许 | M70: 1、配置L3子接口的IP地址为首段为[128-223)的任意有效值 2、选取接口IP相同网段的任意IP。保证该IP地址能学习到ARP或者配置静态ARP 3、配置另外一个L3子接口为路由模式，并配置IP地址，向该接口发送DMAC为该接口MAC地址，DIP匹配静态路由的报文。【check1】 4、向该接口发送DMAC不为该接口MAC地址，DIP匹配静态路由的报文。【check2】 | N70: 【check1】报文从直连路由的出接口转发，无丢包 【check2】报文全部丢弃 | O70: NGFW_V60R1C00 | P70: J1900,C236,EP | S70: 功能测试 | T70: 是
F71: 验证出接口为BVI接口的直连路由转发功能 | G71: ipv4.fwd.direct.ptc3 | H71: 1202108 | I71: LEVEL2 | J71: NE1_link4_ins | L71: 1、网元正常启动 2、配置默认转发策略为允许 | M71: 1、配置BVI接口的IP地址为1.0.0.1/30 2、选取接口IP相同网段的任意IP。保证该IP地址能学习到ARP或者配置静态ARP 3、配置另外一个BVI接口为路由模式，并配置IP地址，向该接口发送DMAC为该接口MAC地址，DIP匹配静态路由的报文。【check1】 4、向该接口发送DMAC不为该接口MAC地址，DIP匹配静态路由的报文。【check2】 | N71: 【check1】报文从直连路由的出接口转发，无丢包 【check2】报文全部丢弃 | O71: NGFW_V60R1C00 | P71: J1900,C236,EP | S71: 功能测试 | T71: 是
F72: 验证静态路由最长匹配功能 | G72: ipv4.fwd.longest.match1.ptc0 | H72: 1202109 | I72: LEVEL2 | J72: NE1_link4_ins | L72: 1、网元正常启动 2、配置默认转发策略为允许 | M72: 1、配置多条网络地址相同掩码长度不同的静态路由 2、观察路由转发表【check1】 3、向设备发送匹配该网络地址的报文，观察报文接口情况。【check2】 | N72: 【check1】设备上生成多条掩码长度不同和出接口不同的路由 【check2】报文从掩码长度最长的接口转发报文 | O72: NGFW_V60R1C00 | P72: J1900,C236,EP | S72: 功能测试 | T72: 是
F73: 验证直连路由最长匹配功能 | G73: ipv4.fwd.longest.match1.ptc1 | H73: 1202110 | I73: LEVEL2 | J73: NE1_link4_ins | L73: 1、网元正常启动 2、配置默认转发策略为允许 | M73: 1、配置配置多个接口网络地址相同但掩码长度不同 2、观察路由转发表【check1】 3、向设备发送匹配该网络地址的报文，观察报文接口情况。【check2】 | N73: 【check1】设备上生成多条掩码长度不同和出接口不同的路由 【check2】报文从掩码长度最长的接口转发报文 | O73: NGFW_V60R1C00 | P73: J1900,C236,EP | S73: 功能测试 | T73: 是
F74: 验证直连路由和静态路由最长匹配功能 | G74: ipv4.fwd.longest.match1.ptc2 | H74: 1202111 | I74: LEVEL2 | J74: NE1_link4_ins | L74: 1、网元正常启动 2、配置默认转发策略为允许 | M74: 1、配置接口IP地址和静态路由的网络地址相同掩码长度不同 2、观察路由转发表【check1】 3、向设备发送匹配该网络地址的报文，观察报文接口情况。【check2】 | N74: 【check1】设备上生成多条掩码长度不同和出接口不同的路由 【check2】报文从掩码长度最长的接口转发报文 | O74: NGFW_V60R1C00 | P74: J1900,C236,EP | S74: 功能测试 | T74: 是
F75: 验证路由转发时不匹配优先级仅匹配掩码长度 | G75: ipv4.fwd.longest.match2.ptc0 | H75: 1202112 | I75: LEVEL2 | J75: NE1_link4_ins | L75: 1、网元正常启动 2、配置默认转发策略为允许 | M75: 1、配置任意一条，出口为port1 2、在设备上添加一条网络地址相同，掩码长度更短，优先级值更低，出口为port2 3、向设备发送匹配该网络地址的报文，观察报文接收情况。【check1】 4、发送流量的同时，在设备上配置接口IP地址，该IP地址网络地址与静态路由的网络地址相同，但掩码长度更短。【check1】【check2】 | N75: 【check1】报文出port1转发 【check2】路由转发表正常生成直连路由 | O75: NGFW_V60R1C00 | P75: J1900,C236,EP | S75: 功能测试 | T75: 是
F76: 验证ipv4的SIP异常报文识别 | G76: ipv4.fwd.abnormal.pkt.sip.ptc0 | H76: 1202113 | I76: LEVEL2 | J76: NE1_ins | L76: 1、网元正常启动 2、配置默认转发策略为允许 | M76: 1、配置接口IP地址 2、在设备上配置一条默认路由 3、向设备发送SIP为ABC类地址中的广播地址，观察报文接收情况。【check1】 4、向设备发送SIP为D类，观察报文接收情况。【check1】 5、向设备发送SIP为E类，观察报文接收情况。【check1】 6、向设备发送SIP为全F，观察报文接收情况。【check1】 7、向设备发送SIP为127段，观察报文接收情况。【check1】 8、向设备发送SIP为全0，观察报文接收情况。【check1】 | N76: 【check1】报文全部丢弃 | O76: NGFW_V60R1C00 | P76: J1900,C236,EP | S76: 功能测试 | T76: 是
... F94: 验证直连路由和静态路由升级功能 | G94: ipv4.fwd.update.ptc0 | H94: 1202131 | I94: LEVEL6 | J94: NE1_link4_ins | L94: 1、网元正常启动 2、配置默认转发策略为允许 | M94: 1、配置物理接口、聚合口、BVI接口和L3子接口的IP地址，配置静态路由，下一跳分别与物理接口、聚合接口、BVI接口和L3子接口的IP在相同网段。观察路由转发表【check1】 2、向设备发送匹配静态路由和直连路由的报文，观察报文转发【check2】 3、对设备进行升级。升级后观察配置【check3】 4、检查路由转发表和报文转发。【check1】【check2】 5、在设备删除任意路由，并添加一条其他的路由，检查路由转发表。【check4】【check5】 | N94: 【check1】所有接口IP生成直连路由，所有静态路由生成路由转发表项 【check2】报文正常转发 【check3】升级成功，所有配置与升级前完全相同 【check4】删除的路由在转发表中消失，添加的路由在转发表生效 【check5】匹配删除路由对应的业务报文中断 | O94: NGFW_V60R1C00 | P94: J1900,C236,EP | S94: 升级测试 | T94: 否
E95: 单臂路由
F96: 验证聚合口与L3子接口间的单臂路由转发 | G96: IPv4.single.arm.diff.intf.ptc0 | H96: 1202201 | I96: LEVEL2 | J96: NE1_link4_ins | L96: 1、网元正常启动 2、配置默认转发策略为允许 | M96: 1、配置两条静态路由。 2、配置聚合口和该聚合口上创建的L3子接口的IP分别匹配这两条静态路由 3、在聚合口与L3子接口之间双向发送匹配静态路由的报文，观察报文转发。【check1】 | N96: 【check1】报文正常转发，封装的DMAC、SMAC正确，无丢包。 | O96: NGFW_V60R1C00 | P96: J1900,C236,EP | S96: 功能测试 | T96: 是
F97: 验证物理接口与L3子接口间的单臂路由转发 | G97: IPv4.single.arm.diff.intf.ptc1 | H97: 1202202 | I97: LEVEL2 | J97: NE1_ins | L97: 1、网元正常启动 2、配置默认转发策略为允许 | M97: 1、配置两条静态路由。 2、配置物理接口和该物理接口上创建的L3子接口的IP分别匹配这两条静态路由 3、在物理接口与L3子接口之间双向发送匹配静态路由的报文，观察报文转发。【check1】 | N97: 【check1】报文正常转发，封装的DMAC、SMAC正确，无丢包。 | O97: NGFW_V60R1C00 | P97: J1900,C236,EP | S97: 功能测试 | T97: 是
F98: 验证L3子接口与L3子接口间的单臂路由转发 | G98: IPv4.single.arm.diff.intf.ptc2 | H98: 1202203 | I98: LEVEL2 | J98: NE1_ins | L98: 1、网元正常启动 2、配置默认转发策略为允许 | M98: 1、配置两条静态路由。 2、配置同一物理接口或者聚合口上的两个L3子接口的IP分别匹配这两条静态路由 3、在L3子接口与L3子接口之间双向发送匹配静态路由的报文，观察报文转发。【check1】 | N98: 【check1】报文正常转发，封装的DMAC、SMAC正确，无丢包。 | O98: NGFW_V60R1C00 | P98: J1900,C236,EP | S98: 功能测试 | T98: 是
F99: 验证物理接口内的单臂路由转发 | G99: IPv4.single.arm.same.intf.0 | H99: 1202204 | I99: LEVEL2 | J99: NE1_link4_ins | L99: 1、网元正常启动 2、配置默认转发策略为允许 | M99: 1、配置两条静态路由，下一跳不同但在相同网段。 2、配置物理接口的IP与这两条静态的下一跳在相同网段 3、向物理接口之发送配匹配这两条静态路由的报文，观察报文转发。【check1】 | N99: 【check1】报文正常转发，封装的DMAC、SMAC正确，无丢包。 | O99: NGFW_V60R1C00 | P99: J1900,C236,EP | S99: 功能测试 | T99: 是
F100: 验证聚合口内的单臂路由转发 | G100: IPv4.single.arm.same.intf.1 | H100: 1202205 | I100: LEVEL2 | J100: NE1_link4_ins | L100: 1、网元正常启动 2、配置默认转发策略为允许 | M100: 1、配置两条静态路由，下一跳不同但在相同网段。 2、配置聚合口的IP与这两条静态的下一跳 3、向聚合口之发送配匹配这两条静态路由的报文，观察报文转发。【check1】 | N100: 【check1】报文正常转发，封装的DMAC、SMAC正确，无丢包。 | O100: NGFW_V60R1C00 | P100: J1900,C236,EP | S100: 功能测试 | T100: 是
F101: 验证L3子接口内的单臂路由转发 | G101: IPv4.single.arm.same.intf.2 | H101: 1202206 | I101: LEVEL2 | J101: NE1_ins | L101: 1、网元正常启动 2、配置默认转发策略为允许 | M101: 1、配置两条静态路由，下一跳不同但在相同网段。 2、配置L3子接口的IP与这两条静态的下一跳 3、向L3子接口之发送配匹配这两条静态路由的报文，观察报文转发。【check1】 | N101: 【check1】报文正常转发，封装的DMAC、SMAC正确，无丢包。 | O101: NGFW_V60R1C00 | P101: J1900,C236,EP | S101: 功能测试 | T101: 是
F102: 验证BVI接口内的单臂路由转发 | G102: IPv4.single.arm.same.intf.3 | H102: 1202207 | I102: LEVEL2 | J102: NE1_link4_ins | L102: 1、网元正常启动 2、配置默认转发策略为允许 | M102: 1、配置两条静态路由，下一跳不同但在相同网段。 2、配置BVI接口的IP与这两条静态的下一跳 3、向BVI接口之发送配匹配这两条静态路由的报文，观察报文转发。【check1】 | N102: 【check1】报文正常转发，封装的DMAC、SMAC正确，无丢包。 | O102: NGFW_V60R1C00 | P102: J1900,C236,EP | S102: 功能测试 | T102: 是
F103: 验证反复增删静态路由对单臂路由转发的影响 | G103: IPv4.single.arm.reliability.ptc0 | H103: 1202208 | I103: LEVEL4 | J103: NE1_link4_ins | L103: 1、网元正常启动 2、配置默认转发策略为允许 | M103: 1、配置两条静态路由，出口形成单臂转发（出接口在相同的接口，或者出接口在同一接口上创建的不同子接口）。 2、双向发送匹配静态路由的报文，观察报文转发【check1】 3、反复增删静态路由10次以上，保持路由为删除，观察报文转发。【check2】 4、添加静态路由，观察报文转发。【check1】 | N103: 【check1】报文正常转发，封装的DMAC、SMAC正确，无丢包。 【check2】报文转发中断 | O103: NGFW_V60R1C00 | P103: J1900,C236,EP | S103: 可靠性测试 | T103: 否
F104: 验证默认策略限制单臂路由转发功能 | G104: IPv4.single.arm.acl.ptc0 | H104: 1202209 | I104: LEVEL5 | J104: NE1_ins | L104: 1、网元正常启动 2、配置默认转发策略为允许 | M104: 1、配置两条静态路由，出口形成单臂转发（出接口在相同的接口，或者出接口在同一接口上创建的不同子接口）。 2、双向发送匹配静态路由的报文，观察报文转发【check1】 3、配置默认策略为阻塞，观察报文转发。【check2】 4、配置默认策略为允许，观察报文转发。【check1】 | N104: 【check1】报文正常转发，封装的DMAC、SMAC正确，无丢包。 【check2】报文转发中断 | O104: NGFW_V60R1C00 | P104: J1900,C236,EP | S104: 耦合测试 | T104: 否
E105: 等价路由
F106: 验证默认路由生成等价路由功能 | G106: ipv4.ecmp.fib.ptc0 | H106: 1202301 | I106: LEVEL2 | J106: NE1_link4_ins | L106: 网元正常启动 | M106: 1、在网元上配置物理接口,聚合接口,L3子接口,BVI接口的IP地址 2、配置多条网络地址相同，优先级相同的静态路由，路由的下一跳分别匹配物理接口,聚合接口,L3子接口,BVI接口 3、查看路由转发表【check1】 4、配置一跳优先级更优（优先级取值跟小）的默认路由，观察路由转发表。【check2】 5、删除步骤4中配置的静态路由，观察路由转发表。【check1】 | N106: 【check1】路由转发表中步骤2配置的所有下一跳均生效，并形成等价路由。 【check2】路由转发表中的等价路由所有的下一跳全部失效，只有新配置的静态路由生效。 | O106: NGFW_V60R1C00 | P106: J1900,C236,EP | S106: 功能测试 | T106: 是
F107: 验证静态路由生成等价路由功能 | G107: ipv4.ecmp.fib.ptc1 | H107: 1202302 | I107: LEVEL2 | J107: NE1_link4_ins | L107: 网元正常启动 | M107: 1、在网元上配置物理接口,聚合接口,L3子接口,BVI接口的IP地址 2、配置多条网络地址相同，优先级相同的静态路由，路由的下一跳分别匹配物理接口,聚合接口,L3子接口,BVI接口 3、查看路由转发表【check1】 4、配置一跳优先级更优（优先级取值跟小）的静态路由，观察路由转发表。【check2】 5、删除步骤4中配置的静态路由，观察路由转发表。【check1】 | N107: 【check1】路由转发表中步骤2配置的所有下一跳均生效，并形成等价路由。 【check2】路由转发表中的等价路由所有的下一跳全部失效，只有新配置的静态路由生效。 | O107: NGFW_V60R1C00 | P107: J1900,C236,EP | R107: 预测试 | S107: 功能测试 | T107: 是
F108: 验证默认路由与接口网关生成等价路由功能 | G108: ipv4.ecmp.fib.gateway.ptc0 | H108: 1202303 | I108: LEVEL2 | J108: NE1_link4_ins | L108: 1、网元正常启动 | M108: 1、配置物理接口、聚合口、L3子接口和BVI接口的IP地址和默认网关，默认网关和本接口IP在相同网段。 2、配置一条默认路由，其优先级与接口默认网关生成的路由的优先级相同。观察路由转发表。【check1】 3、配置静态路由的优先级优于接口默认网关生成的路由（优先级值越小越优），观察路由转发表【check2】 4、配置静态路由的优先级劣于接口默认网关生成的路由。观察路由转发表【check3】 | N108: 【check1】静态路由与所有接口的默认网关路由生成一条等价路由 【check2】所有接口默认网关生成的路由失效，只有静态默认路由生效。 【check3】所有接口默认网关生成的路由生效并形成等价路由，静态默认路由失效。 | O108: NGFW_V60R1C00 | P108: J1900,C236,EP | S108: 功能测试 | T108: 是
F109: 验证等价路由业务分担功能 | G109: ipv4.ecmp.loadbalance1.ptc0 | H109: 1202304 | I109: LEVEL2 | J109: NE1_link4_ins | L109: 1、网元正常启动 2、配置默认转发策略为允许 | M109: 1、配置多条具有相同优先级的静态路由，路由权重设置参考权重分担测试执行准则。 2、发送匹配静态路由，报文内容变化的报文，观察业务转发情况。【check1】 3、修改路由权重，观察业务转发情况。【check1】 | N109: 【check1】业务能够正常进行分担。业务流量覆盖权重分担测试准则。 | O109: NGFW_V60R1C00 | P109: J1900,C236,EP | S109: 功能测试 | T109: 是
F110: 验证接口默认网关路由业务分担权重的默认值 | G110: ipv4.ecmp.loadbalance2.ptc0 | H110: 1202305 | I110: LEVEL2 | J110: NE1_link4_ins | L110: 1、网元正常启动 2、配置默认转发策略为允许 | M110: 1、配置多个接口的IP地址，并在接口上配置默认网关（接口数量参考权重测试执行准则）。 2、发送报文内容变化且匹配默认路由的流量，观察报文转发情况【check1】 3、添加一条静态默认路由，优先级与接口默认网关生成的默认路由相同。权重值设置参考权重分担测试执行准则 | N110: 【check1】业务能够正常进行分担，默认网关生成的默认路由权重值为1，业务流量符合权重分担测试准则。 | O110: NGFW_V60R1C00 | P110: J1900,C236,EP | S110: 功能测试 | T110: 是
F111: 验证等价路由增删路由后业务链路切换功能 | G111: ipv4.ecmp.link.change.ptc0 | H111: 1202306 | I111: LEVEL3 | J111: NE1_link4_ins | L111: 1、网元正常启动 2、配置默认转发策略为允许 | M111: 1、配置优先级相同的多条静态路由或者默认路由，具有多个下一跳。 2、发送匹该路由，报文内容变化的报文，观察业务转发情况。【check1】 3、配置静态增加等价路由链路，观察业务转发。【check1】 4、删除部分等价路由出口路由，观察业务转发。【check1】 | N111: 【check1】业务能够正常进行分担。业务稳定后无丢包 | O111: NGFW_V60R1C00 | P111: J1900,C236,EP | S111: 功能测试 | T111: 是
F112: 验证等价路由禁用启用接口后业务链路切换功能 | G112: ipv4.ecmp.link.change.ptc1 | H112: 1202307 | I112: LEVEL4 | J112: NE1_link4_ins | L112: 1、网元正常启动 2、配置默认转发策略为允许 | M112: 1、配置优先级相同的多条静态路由或者默认路由，具有多个下一跳。 2、发送匹该路由，报文内容变化的报文，观察业务转发情况。【check1】 3、禁用部分等价路由部分链路出接口，观察业务转发。【check1】 4、启用部分或者全部被禁用接口，观察业务转发。【check1】 | N112: 【check1】业务能够正常进行分担。业务稳定后无丢包 | O112: NGFW_V60R1C00 | P112: J1900,C236,EP | S112: 可靠性测试 | T112: 否
F113: 验证等价路由拔插网线后业务链路切换功能 | G113: ipv4.ecmp.link.change.ptc2 | H113: 1202308 | I113: LEVEL4 | J113: NE1_link4_ins | L113: 1、网元正常启动 2、配置默认转发策略为允许 | M113: 1、配置优先级相同的多条静态路由或者默认路由，具有多个下一跳。 2、发送匹该路由，报文内容变化的报文，观察业务转发情况。【check1】 3、拔出部分等价路由部分链路出接口的网线，观察业务转发。【check1】 4、插入部分或者全部接口的网线，观察业务转发。【check1】 | N113: 【check1】业务能够正常进行分担。业务稳定后无丢包 | O113: NGFW_V60R1C00 | P113: J1900,C236,EP | S113: 可靠性测试 | T113: 否
F114: 验证等价路由切换路由优先级后路由切换功能 | G114: ipv4.ecmp.route.change1.ptc0 | H114: 1202309 | I114: LEVEL4 | J114: NE1_link4_ins | L114: 1、网元正常启动 2、配置默认转发策略为允许 | M114: 1、配置优先级相同的多条静态路由或者默认路由，具有多个下一跳。 2、发送匹配该路由，报文内容变化的报文，观察业务转发情况。【check1】 3、提高等价路由成员优先级（值更小），观察业务转发。【check2】 4、调整该路由的优先级等于等价类路由的优先级，观察业务转发。【check1】 | N114: 【check1】业务按照等价路由惊醒转发，且业务正常进行分担。业务稳定后无丢包 【check2】业务按照高优先级的路由进行转发，等价路由在转发表中失效 | O114: NGFW_V60R1C00 | P114: J1900,C236,EP | S114: 可靠性测试 | T114: 否
F115: 验证等价路由增删路由后路由切换功能 | G115: ipv4.ecmp.route.change1.ptc1 | H115: 1202310 | I115: LEVEL4 | J115: NE1_link4_ins | L115: 1、网元正常启动 2、配置默认转发策略为允许 | M115: 1、配置优先级相同的多条静态路由或者默认路由，具有多个下一跳。 2、发送匹配该路由，报文内容变化的报文，观察业务转发情况。【check1】 3、新增一跳目的网段相同优先级更优(值更小)的路由，观察业务转发。【check2】 4、调增该路由的优先级劣于等价路由的优先级（值更大），观察业务转发。【check1】 | N115: 【check1】业务按照等价路由惊醒转发，且业务正常进行分担。业务稳定后无丢包 【check2】业务按照高优先级的路由进行转发，等价路由在转发表中失效 | O115: NGFW_V60R1C00 | P115: J1900,C236,EP | S115: 可靠性测试 | T115: 否
F116: 验证等价路由禁用启用接口后路由切换功能 | G116: ipv4.ecmp.route.change2.ptc0 | H116: 1202311 | I116: LEVEL4 | J116: NE1_link4_ins | L116: 1、网元正常启动 2、配置默认转发策略为允许 | M116: 1、配置优先级相同的多条静态路由或者默认路由，具有多个下一跳。 2、发送匹配该路由，报文内容变化的报文，观察业务转发情况。【check1】 3、添加一条与等价路由目的网段相同，优先级更优(值更小)的路由，观察业务转发【check2】 4、禁用高优先级路由的出接口，观察业务转发。【check1】 5、启用高优先级路由的出接口，观察业务转发。【check2】 | N116: 【check1】业务按照等价路由惊醒转发，且业务正常进行分担。业务稳定后无丢包 【check2】业务按照高优先级的路由进行转发，等价路由在转发表中失效 | O116: NGFW_V60R1C00 | P116: J1900,C236,EP | S116: 可靠性测试 | T116: 否
F117: 验证等价路由拔插网线后路由切换功能 | G117: ipv4.ecmp.route.change2.ptc1 | H117: 1202312 | I117: LEVEL4 | J117: NE1_link4_ins | L117: 1、网元正常启动 2、配置默认转发策略为允许 | M117: 1、配置优先级相同的多条静态路由或者默认路由，具有多个下一跳。 2、发送匹配该路由，报文内容变化的报文，观察业务转发情况。【check1】 3、添加一条与等价路由目的网段相同，优先级更优(值更小)的路由，观察业务转发【check2】 4、插入高优先级路由的出接口的网线，观察业务转发。【check1】 5、拔掉高优先级路由的出接口的网线，观察业务转发。【check2】 | N117: 【check1】业务按照等价路由惊醒转发，且业务正常进行分担。业务稳定后无丢包 【check2】业务按照高优先级的路由进行转发，等价路由在转发表中失效 | O117: NGFW_V60R1C00 | P117: J1900,C236,EP | S117: 可靠性测试 | T117: 否
F118: 验证等价路由反复震荡链路后等价路由转发功能 | G118: ipv4.ecmp.reliablity.0 | H118: 1202313 | I118: LEVEL4 | J118: NE1_link4_ins | L118: 1、网元正常启动 2、配置默认转发策略为允许 | M118: 1、配置优先级相同的多条静态路由或者默认路由，具有多个下一跳。 2、发送匹该路由，报文内容变化的报文，观察业务转发情况。【check1】 3、反复震荡链路10次以上，观察业务转发。【check1】 | N118: 【check1】业务能够正常进行分担。业务稳定后无丢包 | O118: NGFW_V60R1C00 | P118: J1900,C236,EP | S118: 可靠性测试 | T118: 否
F119: 验证等价路由反复修改链路权重后等价路由转发功能 | G119: ipv4.ecmp.reliablity.1 | H119: 1202314 | I119: LEVEL4 | J119: NE1_link4_ins | L119: 1、网元正常启动 2、配置默认转发策略为允许 | M119: 1、配置优先级相同的多条静态路由或者默认路由，具有多个下一跳。 2、发送匹该路由，报文内容变化的报文，观察业务转发情况。【check1】 3、反复修改链路权重10次以上，观察业务转发。【check1】 | N119: 【check1】业务能够正常进行分担。业务稳定后无丢包 | O119: NGFW_V60R1C00 | P119: J1900,C236,EP | S119: 可靠性测试 | T119: 否
... F122: 验证等价路由链路切换时间 | G122: ipv4.ecmp.performance.ptc0 | H122: 1202317 | I122: LEVEL4 | J122: NE1_link4_ins | L122: 1、网元正常启动 2、配置默认转发策略为允许 | M122: 1、配置优先级相同的多条静态路由或者默认路由，具有多个下一跳。 2、发送匹该路由，报文内容变化的报文，观察业务转发情况。【check1】 3、增加链路，观察业务转发。【check1】 4、减少链路，观察业务转发。【check1】 | N122: 【check1】记录链路切换丢包，使用丢包数量/发包速率计算切换时间。并记录切换时间，对比切换时间较上一版本不劣化。 | O122: NGFW_V60R1C00 | P122: J1900,C236,EP | S122: 可靠性测试 | T122: 否

Sheet 附录1
A1: 统计信息
A2: 用例级别 | B2: 目标占比 | C2: 实际占比
A3: LEVEL0~1 | B3: <15% | C3: =C$9+C$10 -> 0.14678899
A4: LEVEL2~3 | B4: >40% | C4: =C$11+C$12 -> 0.53211009
A5: LEVEL0~3 | B5: >60% | C5: =C$9+C$10+C$11+C$12 -> 0.67889908
A6: 可自动化率 | B6: =E9/SUM(E9:E10) -> 0.67889908
A7: 详细数据
A8: 用例级别 | B8: 数量 | C8: 占比 | D8: 是否自动化 | E8: 数量
A9: LEVEL0 | B9: =COUNTIF(用例全集!$I:$I,A9) -> 14 | C9: =B9/SUM(B$9:B$15) -> 0.12844037 | D9: 是 | E9: =COUNTIF(用例全集!$T:$T,D9) -> 74
A10: LEVEL1 | B10: =COUNTIF(用例全集!$I:$I,A10) -> 2 | C10: =B10/SUM(B$9:B$15) -> 0.018348624 | D10: 否 | E10: =COUNTIF(用例全集!$T:$T,D10) -> 35
A11: LEVEL2 | B11: =COUNTIF(用例全集!$I:$I,A11) -> 52 | C11: =B11/SUM(B$9:B$15) -> 0.47706422
A12: LEVEL3 | B12: =COUNTIF(用例全集!$I:$I,A12) -> 6 | C12: =B12/SUM(B$9:B$15) -> 0.055045872
A13: LEVEL4 | B13: =COUNTIF(用例全集!$I:$I,A13) -> 28 | C13: =B13/SUM(B$9:B$15) -> 0.25688073
A14: LEVEL5 | B14: =COUNTIF(用例全集!$I:$I,A14) -> 6 | C14: =B14/SUM(B$9:B$15) -> 0.055045872
A15: LEVEL6 | B15: =COUNTIF(用例全集!$I:$I,A15) -> 1 | C15: =B15/SUM(B$9:B$15) -> 0.0091743119
A16: 总数 | B16: =SUM(B9:B15) -> 109
A19: 用例基线时间点
A20: TR5基线一次 | B20: TR6基线一次
A22: 字段填写说明
A23: 用例编号 | B23: 使用1到4级目录加三位数字，例如SrvQuality.Qos.Classfy.DiffServ001
A24: 用例级别 | B24: 使用LEVEL0~LEVEL6级，定义说明见下表
B25: 用例级别 | C25: 层级描述 | D25: 备注 | F25: 统计说明
B26: LEVEL0 | C26: 配置测试 | D26: 包含配置测试、配置容错测试 | F26: 1、基本用例Level0~Level3占比总用例60%以上；Level0~Level1占总用例不超过15%，Level2~Level3占总用例至少40% 2、Level0、Level2级别的用例可以做自动化用例；Level1、Level3级别的用例争取做自动化
B27: LEVEL1 | C27: 配置可靠性测试 | D27: 包含配置容限测试、Oplog
B28: LEVEL2 | C28: 基本功能测试 | D28: 客户常用功能和常用告警性能
B29: LEVEL3 | C29: 扩展功能测试 | D29: 客户不常用的功能和不常用告警性能
B30: LEVEL4 | C30: 特性可靠性 | D30: 包含单特性的可靠性测试用例。包括反复增删单特性配置、复位重启、拔插单板、网线、主备切换等
B31: LEVEL5 | C31: 特性耦合测试 | D31: 包含两特性耦合和多特性耦合测试用例
B32: LEVEL6 | C32: 特性升级 | D32: 单特性的升级测试用例，包括升级前后配置检查、升级后观察业务、增删配置等
A33: 组网描述 | B33: 必须是用英文的逗号分隔。例如Update01,Update02
A34: 组网约束 | B34: 按实际情况填写
A35: 预置条件 | B35: 按实际情况填写
A36: 测试步骤 | B36: 通常一个用例不超过7步
A37: 预期结果 | B37: 使用check点的方式填写
A38: 适用版本 | B38: 必须以英文逗号分隔,必须使用统一的名称:V1R1C00,V1R1C01
A39: 设备类型* | B39: 必须以英文逗号分隔,J1900,C236,EP
A40: 单板类型 | B40: 必须以英文逗号分隔,
A41: 关键词 | B41: 必须以逗号分隔，公共的关键字必须一致，新增关键字找用例管理员申请
A42: 测试类型* | B42: LEVEL0,LEVEL1-->配置测试；LEVEL2,LEVEL3-->功能测试；LEVEL4-->可靠性测试；LEVL5-->耦合测试；LEVEL6-->升级测试
A43: 是否自动化* | B43: "是"或者"否"
A44: 需求编号 | B44: 暂时不填
A45: 备注 | B45: 按实际情况填写 用例生成工具说明: 1、${}形式的测试数据直接替换 2、$[]形式的测试数据会在同一个用例中重复测试步骤
